command,retail_rom_entry,live_entry,cfg_region,cfg_blocks,successors,stream_argument_count,stream_widths_signedness,cursor_advancement,external_calls,important_memory_global_accesses,shared_exit_tail,expected_block_count,candidate_block_count,block_count_parity,call_parity,successor_parity,shared_tail_convergence,normalized_block_parity,expected_unmatched_blocks,candidate_unmatched_blocks
0x00000000,0x00284B1C,0x80228B4C,0x0894..0x1EC4; 2 blocks,0x0894|0x1EC0,taken:0x1EC0,0,0 x 32-bit stream slots; slot signedness unknown; direct retail reads=none isolated,+0 argument slots before shared tail; normal continuation consumes +1 command slot,none,none isolated,post-command,2,2,true,true,true,true,true,0,0
0x00000001,0x00284B24,0x80228B54,0x089C..0x08AC; 2 blocks,0x089C|0x08A4,fallthrough:0x08A4,0,0 x 32-bit stream slots; slot signedness unknown; direct retail reads=none isolated,+0 argument slots before shared tail; normal continuation consumes +1 command slot,func_00283654@0x00284B24,none isolated,post-command,2,2,true,true,true,true,true,0,0
0x00000002,0x00284B34,0x80228B64,0x08AC..0x08BC; 2 blocks,0x08AC|0x08B4,fallthrough:0x08B4,0,0 x 32-bit stream slots; slot signedness unknown; direct retail reads=none isolated,+0 argument slots before shared tail; normal continuation consumes +1 command slot,func_002836A4@0x00284B34,none isolated,post-command,2,2,true,true,true,true,true,0,0
0x00000003,0x00284B44,0x80228B74,0x08BC..0x091C; 2 blocks,0x08BC|0x0914,fallthrough:0x0914,8,8 x 32-bit stream slots; slot signedness unknown; direct retail reads=none isolated,+8 argument slots before shared tail; normal continuation consumes +1 command slot,func_002A08C0@0x00284B94,R32@$v0+0x0014|R32@$v0+0x0018|R32@$v0+0x001C|Rs32@$v0+0x0004|Rs32@$v0+0x0008|Rs32@$v0+0x000C|Rs32@$v0+0x0010|Rs32@$v0+0x0020,post-command,2,2,true,true,true,true,false,1,1
0x00000005,0x00284BA4,0x80228BD4,0x091C..0x0938; 2 blocks,0x091C|0x0930,fallthrough:0x0930,1,1 x 32-bit stream slots; slot signedness unknown; direct retail reads=none isolated,+1 argument slots before shared tail; normal continuation consumes +1 command slot,func_002A0548@0x00284BB0,Rs32@$v0+0x0004,post-command,2,2,true,true,true,true,false,1,1
0x00000006,0x00284BC0,0x80228BF0,0x0938..0x0954; 2 blocks,0x0938|0x094C,fallthrough:0x094C,1,1 x 32-bit stream slots; slot signedness unknown; direct retail reads=none isolated,+1 argument slots before shared tail; normal continuation consumes +1 command slot,func_002A0374@0x00284BCC,Rs32@$v0+0x0004,post-command,2,2,true,true,true,true,true,0,0
0x00000007,0x00284BDC,0x80228C0C,0x0954..0x09C0; 2 blocks,0x0954|0x09B8,fallthrough:0x09B8,7,7 x 32-bit stream slots; slot signedness unknown; direct retail reads=none isolated,+7 argument slots before shared tail; normal continuation consumes +1 command slot,func_002A0B14@0x00284C38,R32@$v1+0x0008|R32@$v1+0x000C|R32@$v1+0x0010|R32@$v1+0x0014|Rs32@$v1+0x0004|Rs32@$v1+0x0018|Rs32@$v1+0x001C,post-command,2,2,true,true,true,true,false,1,1
0x00000008,0x00284C48,0x80228C78,0x09C0..0x0C1C; 4 blocks,0x09C0|0x09D0|0x09E0|0x0C14,fallthrough:0x09D0|taken:0x0C14,3,3 x 32-bit stream slots; slot signedness unknown; direct retail reads=+0x04:32-bit-signed|+0x08:32-bit-signed|+0x0C:32-bit-signed,+3 argument slots before shared tail; normal continuation consumes +1 command slot,func_8023C228@0x00284C60,Rs32@$t0+0x0004|Rs32@$t0+0x0008|Rs32@$t0+0x000C|Ru8@0x8018FC19,post-command,4,4,true,true,true,true,false,1,1
0x0000000D,0x00284C70,0x80228CA0,0x09E8..0x1EC4; 4 blocks,0x09E8|0x09F8|0x0A00|0x1EC0,fallthrough:0x09F8|taken:0x1EC0,0,0 x 32-bit stream slots; slot signedness unknown; direct retail reads=none isolated,+0 argument slots before shared tail; normal continuation consumes +1 command slot,func_8023C214@0x00284C80,Ru8@0x8018FC19,post-command,4,4,true,true,true,true,true,0,0
0x0000000E,0x00285CF0,0x80229D20,0x0FA8..0x1EC4; 4 blocks,0x0FA8|0x1A68|0x1A70|0x1EC0,fallthrough:0x1A70,0,0 x 32-bit stream slots; slot signedness unknown; direct retail reads=none isolated,+0 argument slots before shared tail; normal continuation consumes +1 command slot,func_00283694@0x00285CF0,none isolated,post-command,4,3,false,true,true,true,false,3,2
0x0000000F,0x00284C90,0x80228CC0,0x0A08..0x1EC4; 3 blocks,0x0A08|0x0A1C|0x1EC0,fallthrough:0x0A1C,0,0 x 32-bit stream slots; slot signedness unknown; direct retail reads=none isolated,+0 argument slots before shared tail; normal continuation consumes +1 command slot,func_0029DF04@0x00284C9C,Rs32@$v0+0x000C,post-command,3,3,true,true,true,true,false,1,1
0x00000010,0x00284CAC,0x80228CDC,0x0A24..0x1EC4; 3 blocks,0x0A24|0x0A30|0x1EC0,fallthrough:0x0A30,0,0 x 32-bit stream slots; slot signedness unknown; direct retail reads=+0x0C:32-bit-signed,+0 argument slots before shared tail; normal continuation consumes +1 command slot,func_002A0354@0x00284CB0,Rs32@$t0+0x000C,post-command,3,3,true,true,true,true,true,0,0
0x00000011,0x00284CC0,0x80228CF0,0x0A38..0x1EC4; 3 blocks,0x0A38|0x0A48|0x1EC0,fallthrough:0x0A48,0,0 x 32-bit stream slots; slot signedness unknown; direct retail reads=none isolated,+0 argument slots before shared tail; normal continuation consumes +1 command slot,func_002A13C4@0x00284CC8,Rs32@$v0+0x000C,post-command,3,3,true,true,true,true,false,1,1
0x00000012,0x00286148,0x8022A178,0x1EC0..0x1EC4; 1 blocks,0x1EC0,tail:post-command,0,0 x 32-bit stream slots; slot signedness unknown; direct retail reads=none isolated,+0 argument slots before shared tail; normal continuation consumes +1 command slot,none,none isolated,post-command,1,0,false,true,true,true,false,1,0
0x00000013,0x00284CD8,0x80228D08,0x0A50..0x0A6C; 2 blocks,0x0A50|0x0A64,fallthrough:0x0A64,1,1 x 32-bit stream slots; slot signedness unknown; direct retail reads=none isolated,+1 argument slots before shared tail; normal continuation consumes +1 command slot,func_002A05EC@0x00284CE4,Rs32@$v0+0x0004,post-command,2,2,true,true,true,true,true,0,0
0x00000014,0x00284CF4,0x80228D24,0x0A6C..0x0AD0; 2 blocks,0x0A6C|0x0AC8,fallthrough:0x0AC8,9,9 x 32-bit stream slots; slot signedness unknown; direct retail reads=none isolated,+9 argument slots before shared tail; normal continuation consumes +1 command slot,func_0029D790@0x00284D48,R32@$v1+0x0014|R32@$v1+0x0018|R32@$v1+0x001C|Rs32@$v1+0x0004|Rs32@$v1+0x0008|Rs32@$v1+0x000C|Rs32@$v1+0x0010|Ru8@$v1+0x0023|Ru8@$v1+0x0027,post-command,2,2,true,true,true,true,false,1,1
0x00000015,0x00284D58,0x80228D88,0x0AD0..0x0AF8; 2 blocks,0x0AD0|0x0AF0,fallthrough:0x0AF0,5,5 x 32-bit stream slots; slot signedness unknown; direct retail reads=+0x04:32-bit-signed|+0x08:32-bit-signed|+0x0C:32-bit-signed|+0x10:32-bit-signed|+0x14:32-bit-signed,+5 argument slots before shared tail; normal continuation consumes +1 command slot,func_0029C624@0x00284D70,Rs32@$t0+0x0004|Rs32@$t0+0x0008|Rs32@$t0+0x000C|Rs32@$t0+0x0010|Rs32@$t0+0x0014,post-command,2,2,true,true,true,true,true,0,0
0x00000016,0x00284D80,0x80228DB0,0x0AF8..0x1EC4; 3 blocks,0x0AF8|0x0B08|0x1EC0,fallthrough:0x0B08,0,0 x 32-bit stream slots; slot signedness unknown; direct retail reads=none isolated,+0 argument slots before shared tail; normal continuation consumes +1 command slot,func_0029C92C@0x00284D88,Rs32@$v0+0x000C,post-command,3,3,true,true,true,true,false,1,1
0x0000001A,0x00284D98,0x80228DC8,0x0B10..0x0B2C; 2 blocks,0x0B10|0x0B24,fallthrough:0x0B24,1,1 x 32-bit stream slots; slot signedness unknown; direct retail reads=none isolated,+1 argument slots before shared tail; normal continuation consumes +1 command slot,func_002A053C@0x00284DA4,Rs32@$v0+0x0004,post-command,2,2,true,true,true,true,false,1,1
0x0000001B,0x00284DB4,0x80228DE4,0x0B2C..0x0B64; 2 blocks,0x0B2C|0x0B5C,fallthrough:0x0B5C,6,6 x 32-bit stream slots; slot signedness unknown; direct retail reads=none isolated,+6 argument slots before shared tail; normal continuation consumes +1 command slot,func_002838AC@0x00284DDC,Rs32@$v0+0x0004|Rs32@$v0+0x0008|Rs32@$v0+0x000C|Rs32@$v0+0x0010|Rs32@$v0+0x0014|Rs32@$v0+0x0018,post-command,2,2,true,true,true,true,false,1,1
0x0000001C,0x00284DEC,0x80228E1C,0x0B64..0x1EC4; 4 blocks,0x0B64|0x0B74|0x0B8C|0x1EC0,fallthrough:0x0B74|taken:0x1EC0,unknown,unknown/variable; direct retail reads=none isolated,unknown/variable before shared tail; observed deltas=2|4,func_8023A5EC@0x00284E0C,Rs32@$v0+0x0004|Rs32@$v0+0x0008|Ru8@0x8018FC19,post-command,4,4,true,true,true,true,true,0,0
0x0000001D,0x00284E1C,0x80228E4C,0x0B94..0x0BAC; 2 blocks,0x0B94|0x0BA4,fallthrough:0x0BA4,2,2 x 32-bit stream slots; slot signedness unknown; direct retail reads=+0x04:32-bit-signed|+0x08:32-bit-signed,+2 argument slots before shared tail; normal continuation consumes +1 command slot,func_002A1690@0x00284E24,Rs32@$t0+0x0004|Rs32@$t0+0x0008,post-command,2,2,true,true,true,true,true,0,0
0x0000001E,0x00284E34,0x80228E64,0x0BAC..0x0BF8; 2 blocks,0x0BAC|0x0BF0,fallthrough:0x0BF0,9,9 x 32-bit stream slots; slot signedness unknown; direct retail reads=none isolated,+9 argument slots before shared tail; normal continuation consumes +1 command slot,func_0029BA80@0x00284E70,Rs32@$v1+0x0004|Rs32@$v1+0x0008|Rs32@$v1+0x000C|Rs32@$v1+0x0010|Rs32@$v1+0x0014|Rs32@$v1+0x0018|Rs32@$v1+0x001C|Rs32@$v1+0x0020|Rs32@$v1+0x0024,post-command,2,2,true,true,true,true,false,1,1
0x0000001F,0x00284E80,0x80228EB0,0x0BF8..0x1EC4; 3 blocks,0x0BF8|0x0C0C|0x1EC0,fallthrough:0x0C0C,0,0 x 32-bit stream slots; slot signedness unknown; direct retail reads=none isolated,+0 argument slots before shared tail; normal continuation consumes +1 command slot,func_0029BDC4@0x00284E8C,Rs32@$v0+0x000C,post-command,3,3,true,true,true,true,false,1,1
0x00000020,0x00286148,0x8022A178,0x1EC0..0x1EC4; 1 blocks,0x1EC0,tail:post-command,0,0 x 32-bit stream slots; slot signedness unknown; direct retail reads=none isolated,+0 argument slots before shared tail; normal continuation consumes +1 command slot,none,none isolated,post-command,1,1,true,true,true,true,true,0,0
0x00000021,0x00286148,0x8022A178,0x1EC0..0x1EC4; 1 blocks,0x1EC0,tail:post-command,3,3 x 32-bit stream slots; slot signedness unknown; direct retail reads=none isolated,+3 argument slots before shared tail; normal continuation consumes +1 command slot,none,none isolated,post-command,1,2,false,true,true,true,false,0,1
0x00000022,0x00284EA4,0x80228ED4,0x0C1C..0x0C64; 2 blocks,0x0C1C|0x0C5C,fallthrough:0x0C5C,4,4 x 32-bit stream slots; slot signedness unknown; direct retail reads=+0x04:32-bit-signed|+0x08:32-bit-unknown|+0x0C:32-bit-unknown|+0x10:32-bit-unknown,+4 argument slots before shared tail; normal continuation consumes +1 command slot,func_002A1610@0x00284EDC,R32@$t0+0x0008|R32@$t0+0x000C|R32@$t0+0x0010|Rs32@$t0+0x0004,post-command,2,2,true,true,true,true,true,0,0
0x00000025,0x00284EEC,0x80228F1C,0x0C64..0x1EC4; 3 blocks,0x0C64|0x0C74|0x1EC0,fallthrough:0x0C74,0,0 x 32-bit stream slots; slot signedness unknown; direct retail reads=none isolated,+0 argument slots before shared tail; normal continuation consumes +1 command slot,func_002A05DC@0x00284EF4,Rs32@$v0+0x000C,post-command,3,3,true,true,true,true,false,1,1
0x00000026,0x00284F04,0x80228F34,0x0C7C..0x0CA4; 2 blocks,0x0C7C|0x0C9C,fallthrough:0x0C9C,4,4 x 32-bit stream slots; slot signedness unknown; direct retail reads=none isolated,+4 argument slots before shared tail; normal continuation consumes +1 command slot,func_002a3bc0@0x00284F1C,Rs32@$v0+0x0004|Rs32@$v0+0x0008|Rs32@$v0+0x000C|Rs32@$v0+0x0010,post-command,2,2,true,true,true,true,false,1,1
0x00000027,0x00284F2C,0x80228F5C,0x0CA4..0x1EC4; 3 blocks,0x0CA4|0x0CB8|0x1EC0,fallthrough:0x0CB8,0,0 x 32-bit stream slots; slot signedness unknown; direct retail reads=none isolated,+0 argument slots before shared tail; normal continuation consumes +1 command slot,func_002a3efc@0x00284F38,Rs32@$v0+0x000C,post-command,3,3,true,true,true,true,true,0,0
0x00000028,0x00284F48,0x80228F78,0x0CC0..0x1EC4; 3 blocks,0x0CC0|0x0CCC|0x1EC0,fallthrough:0x0CCC,8,8 x 32-bit stream slots; slot signedness unknown; direct retail reads=none isolated,+8 argument slots before shared tail; normal continuation consumes +1 command slot,func_0029B78C@0x00284F4C,none isolated,post-command,3,3,true,true,true,true,false,1,1
0x00000029,0x00284F5C,0x80228F8C,0x0CD4..0x0CEC; 2 blocks,0x0CD4|0x0CE4,fallthrough:0x0CE4,1,1 x 32-bit stream slots; slot signedness unknown; direct retail reads=none isolated,+1 argument slots before shared tail; normal continuation consumes +1 command slot,func_0029B9E0@0x00284F64,Rs32@$v0+0x0004,post-command,2,2,true,true,true,true,false,1,1
0x0000002A,0x00284F74,0x80228FA4,0x0CEC..0x1EC4; 4 blocks,0x0CEC|0x0CFC|0x0D34|0x1EC0,fallthrough:0x0CFC|taken:0x1EC0,unknown,unknown/variable; direct retail reads=none isolated,unknown/variable before shared tail; observed deltas=6|12,func_80239C04@0x00284FB4,Rs32@$v0+0x0004|Rs32@$v0+0x0008|Rs32@$v0+0x000C|Rs32@$v0+0x0010|Rs32@$v0+0x0014|Rs32@$v0+0x0018|Ru8@0x8018FC19,post-command,4,5,false,true,true,true,false,2,3
0x0000002B,0x00284FC4,0x80228FF4,0x0D3C..0x1EC4; 4 blocks,0x0D3C|0x0D4C|0x0D60|0x1EC0,fallthrough:0x0D4C|tail:post-command,0,0 x 32-bit stream slots; slot signedness unknown; direct retail reads=none isolated,+0 argument slots before shared tail; normal continuation consumes +1 command slot,func_8023A164@0x00284FE0,Rs32@$v0+0x0004|Ru8@0x8018FC19,post-command,4,4,true,true,true,true,true,0,0
0x0000002C,0x00284FF0,0x80229020,0x0D68..0x1EC4; 4 blocks,0x0D68|0x0D78|0x0DC8|0x1EC0,fallthrough:0x0D78|taken:0x1EC0,unknown,unknown/variable; direct retail reads=none isolated,unknown/variable before shared tail; observed deltas=5|10,func_80239A84@0x00285048,R32@$v0+0x0004|R32@$v0+0x0008|R32@$v0+0x000C|R32@$v0+0x0010|Rs32@$v0+0x0014|Ru8@0x8018FC19,post-command,4,5,false,true,true,true,false,2,3
0x0000002D,0x00285058,0x80229088,0x0DD0..0x1EC4; 5 blocks,0x0DD0|0x0DE0|0x0DE8|0x0FA8|0x1EC0,fallthrough:0x0DE0|tail:post-command,0,0 x 32-bit stream slots; slot signedness unknown; direct retail reads=none isolated,+0 argument slots before shared tail; normal continuation consumes +1 command slot,func_80239B68@0x00285068,Ru8@0x8018FC19,post-command,5,4,false,true,true,true,false,3,2
0x00000030,0x00285078,0x802290A8,0x0DF0..0x1EC4; 4 blocks,0x0DF0|0x0DF8|0x0FA8|0x1EC0,fallthrough:0x0DF8,0,0 x 32-bit stream slots; slot signedness unknown; direct retail reads=none isolated,+0 argument slots before shared tail; normal continuation consumes +1 command slot,func_0029C19C@0x00285078,none isolated,post-command,4,3,false,true,true,true,false,3,2
0x00000033,0x00285088,0x802290B8,0x0E00..0x0E30; 2 blocks,0x0E00|0x0E28,fallthrough:0x0E28,8,8 x 32-bit stream slots; slot signedness unknown; direct retail reads=none isolated,+8 argument slots before shared tail; normal continuation consumes +1 command slot,func_0029C1B8@0x002850A8,Rs32@$v0+0x001C|Rs32@$v0+0x0020,post-command,2,2,true,true,true,true,false,1,1
0x00000035,0x002850B8,0x802290E8,0x0E30..0x1EC4; 3 blocks,0x0E30|0x0E40|0x1EC0,fallthrough:0x0E40,7,7 x 32-bit stream slots; slot signedness unknown; direct retail reads=none isolated,+7 argument slots before shared tail; normal continuation consumes +1 command slot,func_8023A8C0@0x002850C0,none isolated,post-command,3,3,true,true,true,true,false,1,1
0x00000036,0x002850D0,0x80229100,0x0E48..0x1EC4; 3 blocks,0x0E48|0x0E54|0x1EC0,fallthrough:0x0E54,7,7 x 32-bit stream slots; slot signedness unknown; direct retail reads=none isolated,+7 argument slots before shared tail; normal continuation consumes +1 command slot,func_0029A4C0@0x002850D4,none isolated,post-command,3,3,true,true,true,true,false,1,1
0x00000039,0x002850E4,0x80229114,0x0E5C..0x0E70; 2 blocks,0x0E5C|0x0E68,fallthrough:0x0E68,1,1 x 32-bit stream slots; slot signedness unknown; direct retail reads=+0x04:32-bit-signed,+1 argument slots before shared tail; normal continuation consumes +1 command slot,func_8023BDA8@0x002850E8,Rs32@$t0+0x0004,post-command,2,2,true,true,true,true,true,0,0
0x0000003A,0x002850F8,0x80229128,0x0E70..0x0ED8; 2 blocks,0x0E70|0x0ED0,fallthrough:0x0ED0,8,8 x 32-bit stream slots; slot signedness unknown; direct retail reads=none isolated,+8 argument slots before shared tail; normal continuation consumes +1 command slot,func_8023E694@0x00285150,R32@$v1+0x0008|R32@$v1+0x000C|R32@$v1+0x0010|R32@$v1+0x0014|R32@$v1+0x0018|Rs32@$v1+0x0004|Rs32@$v1+0x001C|Rs32@$v1+0x0020,post-command,2,2,true,true,true,true,false,1,1
0x0000003B,0x00285160,0x80229190,0x0ED8..0x0F50; 5 blocks,0x0ED8|0x0EE8|0x0F14|0x0F1C|0x0F48,fallthrough:0x0EE8|taken:0x0F1C,6,6 x 32-bit stream slots; slot signedness unknown; direct retail reads=none isolated,+6 argument slots before shared tail; normal continuation consumes +1 command slot,func_80234D10@0x00285194|func_8023DF70@0x002851C8,Rs16@0x8022A994|Rs32@$v0+0x0004|Rs32@$v0+0x0008|Rs32@$v0+0x000C|Rs32@$v0+0x0010|Rs32@$v0+0x0014|Rs32@$v0+0x0018,post-command,5,5,true,true,true,true,false,1,1
0x0000003C,0x002851D8,0x80229208,0x0F50..0x1EC4; 7 blocks,0x0F50|0x0F60|0x0F68|0x0F70|0x0F78|0x0FA8|0x1EC0,fallthrough:0x0F60|taken:0x0F70,0,0 x 32-bit stream slots; slot signedness unknown; direct retail reads=none isolated,+0 argument slots before shared tail; normal continuation consumes +1 command slot,func_8023519C@0x002851E8|func_8023E2C0@0x002851F8,Rs16@0x8022A994,post-command,7,6,false,true,true,true,false,4,3
0x0000003D,0x00285208,0x80229238,0x0F80..0x0F98; 2 blocks,0x0F80|0x0F90,fallthrough:0x0F90,1,1 x 32-bit stream slots; slot signedness unknown; direct retail reads=none isolated,+1 argument slots before shared tail; normal continuation consumes +1 command slot,func_8023BB48@0x00285210,Rs16@$v0+0x0006,post-command,2,2,true,true,true,true,false,1,1
0x0000003E,0x00285220,0x80229250,0x0F98..0x1EC4; 4 blocks,0x0F98|0x0FA0|0x0FA8|0x1EC0,fallthrough:0x0FA0,0,0 x 32-bit stream slots; slot signedness unknown; direct retail reads=none isolated,+0 argument slots before shared tail; normal continuation consumes +1 command slot,func_8023BD7C@0x00285220,none isolated,post-command,4,3,false,true,true,true,false,4,3
0x0000003F,0x00285238,0x80229268,0x0FB0..0x0FC8; 2 blocks,0x0FB0|0x0FC0,fallthrough:0x0FC0,1,1 x 32-bit stream slots; slot signedness unknown; direct retail reads=none isolated,+1 argument slots before shared tail; normal continuation consumes +1 command slot,func_8023B500@0x00285240,Rs32@$v0+0x0004,post-command,2,2,true,true,true,true,false,1,1
0x00000040,0x00285250,0x80229280,0x0FA8..0x1EC4; 4 blocks,0x0FA8|0x0FC8|0x0FD0|0x1EC0,fallthrough:0x0FD0,0,0 x 32-bit stream slots; slot signedness unknown; direct retail reads=none isolated,+0 argument slots before shared tail; normal continuation consumes +1 command slot,func_8023DCC0@0x00285250,none isolated,post-command,4,3,false,true,true,true,false,3,2
0x00000045,0x00285260,0x80229290,0x0FD8..0x1998; 3 blocks,0x0FD8|0x1988|0x1990,taken:0x1988,2,2 x 32-bit stream slots; slot signedness unknown; direct retail reads=none isolated,+2 argument slots before shared tail; normal continuation consumes +1 command slot,func_8023C3DC@0x00285C10,Rs32@$v0+0x0004|Rs32@$v0+0x0008,post-command,3,3,true,true,true,true,true,0,0
0x00000046,0x00285278,0x802292A8,0x0FF0..0x103C; 2 blocks,0x0FF0|0x1034,fallthrough:0x1034,9,9 x 32-bit stream slots; slot signedness unknown; direct retail reads=none isolated,+9 argument slots before shared tail; normal continuation consumes +1 command slot,func_0029A7C4@0x002852B4,Rs32@$v1+0x0008|Rs32@$v1+0x000C|Rs32@$v1+0x0010|Rs32@$v1+0x0014|Rs32@$v1+0x0018|Rs32@$v1+0x001C|Rs32@$v1+0x0020|Rs32@$v1+0x0024|Ru8@$v1+0x0007,post-command,2,2,true,true,true,true,false,1,1
0x00000047,0x002852C4,0x802292F4,0x103C..0x1EC4; 4 blocks,0x103C|0x104C|0x107C|0x1EC0,fallthrough:0x104C|taken:0x107C,3,3 x 32-bit stream slots; slot signedness unknown; direct retail reads=+0x04:32-bit-unknown|+0x08:32-bit-unknown|+0x0C:32-bit-unknown,+3 argument slots before shared tail; normal continuation consumes +1 command slot,none,R32@$t0+0x0004|R32@$t0+0x0008|R32@$t0+0x000C|R32@$v0+0x0004|R32@$v0+0x0008|R32@$v0+0x000C|Rs32@0x8022A974|Ru8@0x8018FC19|W32@$v1+0x0004|W32@$v1+0x0008|W32@$v1+0x000C|W32@0x801D0718|W32@0x801D0768|W32@0x801D0814,post-command,4,4,true,true,true,true,true,0,0
0x00000048,0x0028533C,0x8022936C,0x10B4..0x10D0; 2 blocks,0x10B4|0x10C8,fallthrough:0x10C8,2,2 x 32-bit stream slots; slot signedness unknown; direct retail reads=none isolated,+2 argument slots before shared tail; normal continuation consumes +1 command slot,func_002A175C@0x00285348,Rs32@$v0+0x0004|Rs32@$v0+0x0008,post-command,2,2,true,true,true,true,false,1,1
0x00000049,0x00285358,0x80229388,0x10D0..0x1120; 2 blocks,0x10D0|0x1118,fallthrough:0x1118,9,9 x 32-bit stream slots; slot signedness unknown; direct retail reads=none isolated,+9 argument slots before shared tail; normal continuation consumes +1 command slot,func_80240CA8@0x00285398,Rs32@$v1+0x0004|Rs32@$v1+0x0008|Rs32@$v1+0x000C|Rs32@$v1+0x0010|Rs32@$v1+0x0014|Rs32@$v1+0x0018|Rs32@$v1+0x001C|Rs32@$v1+0x0020|Rs32@$v1+0x0024,post-command,2,2,true,true,true,true,false,1,1
0x0000004A,0x002853A8,0x802293D8,0x1120..0x1144; 2 blocks,0x1120|0x113C,fallthrough:0x113C,3,3 x 32-bit stream slots; slot signedness unknown; direct retail reads=none isolated,+3 argument slots before shared tail; normal continuation consumes +1 command slot,func_8024098C@0x002853BC,Rs32@$v0+0x0004|Rs32@$v0+0x0008|Rs32@$v0+0x000C,post-command,2,2,true,true,true,true,true,0,0
0x0000004B,0x002853CC,0x802293FC,0x1144..0x1160; 2 blocks,0x1144|0x1158,fallthrough:0x1158,2,2 x 32-bit stream slots; slot signedness unknown; direct retail reads=none isolated,+2 argument slots before shared tail; normal continuation consumes +1 command slot,func_802408A8@0x002853D8,Rs32@$v0+0x0004|Rs32@$v0+0x0008,post-command,2,2,true,true,true,true,false,1,1
0x0000004C,0x002853E8,0x80229418,0x1160..0x1EC4; 3 blocks,0x1160|0x116C|0x1EC0,fallthrough:0x116C,0,0 x 32-bit stream slots; slot signedness unknown; direct retail reads=+0x0C:32-bit-signed,+0 argument slots before shared tail; normal continuation consumes +1 command slot,func_802409C4@0x002853EC,Rs32@$t0+0x000C,post-command,3,3,true,true,true,true,true,0,0
0x0000004D,0x002853FC,0x8022942C,0x1174..0x11C0; 2 blocks,0x1174|0x11B8,fallthrough:0x11B8,9,9 x 32-bit stream slots; slot signedness unknown; direct retail reads=none isolated,+9 argument slots before shared tail; normal continuation consumes +1 command slot,func_802416AC@0x00285438,Rs32@$v1+0x0004|Rs32@$v1+0x0008|Rs32@$v1+0x000C|Rs32@$v1+0x0010|Rs32@$v1+0x0014|Rs32@$v1+0x0018|Rs32@$v1+0x001C|Rs32@$v1+0x0020|Rs32@$v1+0x0024,post-command,2,2,true,true,true,true,false,1,1
0x0000004E,0x00285448,0x80229478,0x0FA8..0x1EC4; 4 blocks,0x0FA8|0x11C0|0x11C8|0x1EC0,fallthrough:0x11C8,0,0 x 32-bit stream slots; slot signedness unknown; direct retail reads=none isolated,+0 argument slots before shared tail; normal continuation consumes +1 command slot,func_80240F58@0x00285448,none isolated,post-command,4,3,false,true,true,true,false,3,2
0x00000050,0x00285458,0x80229488,0x11D0..0x11F4; 2 blocks,0x11D0|0x11EC,fallthrough:0x11EC,3,3 x 32-bit stream slots; slot signedness unknown; direct retail reads=none isolated,+3 argument slots before shared tail; normal continuation consumes +1 command slot,func_8023E998@0x0028546C,Ru8@$v0+0x0007|Ru8@$v0+0x000B|Ru8@$v0+0x000F,post-command,2,2,true,true,true,true,true,0,0
0x00000054,0x0028547C,0x802294AC,0x0FA8..0x1EC4; 4 blocks,0x0FA8|0x11F4|0x11FC|0x1EC0,fallthrough:0x11FC,0,0 x 32-bit stream slots; slot signedness unknown; direct retail reads=none isolated,+0 argument slots before shared tail; normal continuation consumes +1 command slot,func_8023EAA0@0x0028547C,none isolated,post-command,4,3,false,true,true,true,false,3,2
0x00000055,0x0028548C,0x802294BC,0x1204..0x1214; 2 blocks,0x1204|0x120C,fallthrough:0x120C,0,0 x 32-bit stream slots; slot signedness unknown; direct retail reads=none isolated,+0 argument slots before shared tail; normal continuation consumes +1 command slot,func_8023F304@0x0028548C,none isolated,post-command,2,2,true,true,true,true,true,0,0
0x00000056,0x0028549C,0x802294CC,0x1214..0x1EC4; 2 blocks,0x1214|0x1EC0,taken:0x1EC0,0,0 x 32-bit stream slots; slot signedness unknown; direct retail reads=none isolated,+0 argument slots before shared tail; normal continuation consumes +1 command slot,none,none isolated,post-command,2,2,true,true,true,true,false,1,1
0x00000057,0x002854A4,0x802294D4,0x121C..0x1EC4; 3 blocks,0x121C|0x1230|0x1EC0,fallthrough:0x1230,0,0 x 32-bit stream slots; slot signedness unknown; direct retail reads=none isolated,+0 argument slots before shared tail; normal continuation consumes +1 command slot,func_002864F8@0x002854B0,Rs32@$v0+0x000C,post-command,3,3,true,true,true,true,false,1,1
0x00000059,0x002854C0,0x802294F0,0x1238..0x1F40; 4 blocks,0x1238|0x1248|0x1250|0x1F0C,fallthrough:0x1248,unknown,unknown/variable; direct retail reads=none isolated,unknown/variable before shared tail; observed deltas=dynamic,func_8022A428@0x002854D0,Rs32@$v0+0x0004|W32@0x8022A950,return,4,4,true,true,true,true,false,2,2
0x0000005C,0x00286148,0x8022A178,0x1EC0..0x1EC4; 1 blocks,0x1EC0,tail:post-command,1,1 x 32-bit stream slots; slot signedness unknown; direct retail reads=none isolated,+1 argument slots before shared tail; normal continuation consumes +1 command slot,none,none isolated,post-command,1,2,false,true,true,true,false,0,1
0x0000005D,0x002854E8,0x80229518,0x1260..0x128C; 3 blocks,0x1260|0x127C|0x1284,fallthrough:0x127C,3,3 x 32-bit stream slots; slot signedness unknown; direct retail reads=+0x04:32-bit-signed|+0x0C:32-bit-signed,+3 argument slots before shared tail; normal continuation consumes +1 command slot,func_8023BF30@0x002854FC|func_802396DC@0x00285504,Rs32@$t0+0x0004|Rs32@$t0+0x000C|W8@0x8022A960,post-command,3,4,false,true,true,true,false,1,2
0x0000005E,0x00285514,0x80229544,0x128C..0x12A8; 2 blocks,0x128C|0x12A0,fallthrough:0x12A0,3,3 x 32-bit stream slots; slot signedness unknown; direct retail reads=none isolated,+3 argument slots before shared tail; normal continuation consumes +1 command slot,func_8023C08C@0x00285520,Rs32@$v0+0x0004|Rs32@$v0+0x0008|Rs32@$v0+0x000C,post-command,2,2,true,true,true,true,false,1,1
0x0000005F,0x00285530,0x80229560,0x12A8..0x12E0; 2 blocks,0x12A8|0x12D8,fallthrough:0x12D8,6,6 x 32-bit stream slots; slot signedness unknown; direct retail reads=none isolated,+6 argument slots before shared tail; normal continuation consumes +1 command slot,func_8023A670@0x00285558,Rs16@$v0+0x0006|Rs16@$v0+0x000A|Rs16@$v0+0x000E|Rs16@$v0+0x0012|Rs16@$v0+0x0016|Rs16@$v0+0x001A,post-command,2,2,true,true,true,true,false,1,1
0x00000060,0x00285568,0x80229598,0x12E0..0x1320; 2 blocks,0x12E0|0x1318,fallthrough:0x1318,2,2 x 32-bit stream slots; slot signedness unknown; direct retail reads=none isolated,+2 argument slots before shared tail; normal continuation consumes +1 command slot,func_001F0E04@0x00285598,Rs32@$v0+0x0004|Rs32@$v0+0x0008|Rs32@0x801D07D0,post-command,2,2,true,true,true,true,false,1,1
0x00000061,0x002855A8,0x802295D8,0x1320..0x1358; 2 blocks,0x1320|0x1350,fallthrough:0x1350,2,2 x 32-bit stream slots; slot signedness unknown; direct retail reads=+0x04:32-bit-signed|+0x08:32-bit-signed,+2 argument slots before shared tail; normal continuation consumes +1 command slot,func_001F0E04@0x002855D0,Rs32@$t0+0x0004|Rs32@$t0+0x0008|Rs32@$v0+0x0000|Rs32@0x801D07D8,post-command,2,2,true,true,true,true,false,1,1
0x00000062,0x002855E0,0x80229610,0x1358..0x13A0; 6 blocks,0x1358|0x136C|0x1378|0x1384|0x138C|0x1398,fallthrough:0x136C|taken:0x1378,2,2 x 32-bit stream slots; slot signedness unknown; direct retail reads=none isolated,+2 argument slots before shared tail; normal continuation consumes +1 command slot,func_002A6150@0x00285604|func_8023BD88@0x00285618,Rs32@$v1+0x0004|Rs32@$v1+0x0008,post-command,6,6,true,true,true,true,false,1,1
0x00000063,0x00285628,0x80229658,0x13A0..0x13F8; 2 blocks,0x13A0|0x13F0,fallthrough:0x13F0,10,10 x 32-bit stream slots; slot signedness unknown; direct retail reads=none isolated,+10 argument slots before shared tail; normal continuation consumes +1 command slot,func_80241ED0@0x00285670,Rs32@$v1+0x0008|Rs32@$v1+0x000C|Rs32@$v1+0x0010|Rs32@$v1+0x0014|Rs32@$v1+0x0018|Rs32@$v1+0x001C|Rs32@$v1+0x0020|Rs32@$v1+0x0024|Rs32@$v1+0x0028|Ru8@$v1+0x0007,post-command,2,2,true,true,true,true,false,1,1
0x00000064,0x00285680,0x802296B0,0x13F8..0x1420; 2 blocks,0x13F8|0x1418,fallthrough:0x1418,4,4 x 32-bit stream slots; slot signedness unknown; direct retail reads=none isolated,+4 argument slots before shared tail; normal continuation consumes +1 command slot,func_80242030@0x00285698,Rs32@$v0+0x0008|Rs32@$v0+0x000C|Rs32@$v0+0x0010|Ru8@$v0+0x0007,post-command,2,2,true,true,true,true,true,0,0
0x00000065,0x002856A8,0x802296D8,0x1420..0x1EC4; 3 blocks,0x1420|0x1430|0x1EC0,fallthrough:0x1430,0,0 x 32-bit stream slots; slot signedness unknown; direct retail reads=none isolated,+0 argument slots before shared tail; normal continuation consumes +1 command slot,func_802420DC@0x002856B0,Rs32@$v0+0x000C,post-command,3,3,true,true,true,true,false,1,1
0x00000066,0x002856C0,0x802296F0,0x1438..0x144C; 2 blocks,0x1438|0x1444,fallthrough:0x1444,1,1 x 32-bit stream slots; slot signedness unknown; direct retail reads=+0x04:32-bit-signed,+1 argument slots before shared tail; normal continuation consumes +1 command slot,func_0029AC44@0x002856C4,Rs32@$t0+0x0004,post-command,2,2,true,true,true,true,true,0,0
0x00000069,0x002856D4,0x80229704,0x144C..0x147C; 2 blocks,0x144C|0x1474,fallthrough:0x1474,3,3 x 32-bit stream slots; slot signedness unknown; direct retail reads=none isolated,+3 argument slots before shared tail; normal continuation consumes +1 command slot,func_0029DEC8@0x002856F4,R32@$v0+0x0008|Rs32@$v0+0x0004|Rs32@$v0+0x000C,post-command,2,2,true,true,true,true,false,1,1
0x0000006A,0x00285704,0x80229734,0x147C..0x1EC4; 4 blocks,0x147C|0x1484|0x1494|0x1EC0,fallthrough:0x1484,0,0 x 32-bit stream slots; slot signedness unknown; direct retail reads=none isolated,+0 argument slots before shared tail; normal continuation consumes +1 command slot,func_00283740@0x00285704|func_002836C8@0x00285714,Rs32@$v0+0x000C,post-command,4,4,true,true,true,true,true,0,0
0x0000006B,0x00285724,0x80229754,0x149C..0x14B8; 2 blocks,0x149C|0x14B0,fallthrough:0x14B0,1,1 x 32-bit stream slots; slot signedness unknown; direct retail reads=none isolated,+1 argument slots before shared tail; normal continuation consumes +1 command slot,func_00283748@0x00285730,Rs32@$v0+0x0004,post-command,2,2,true,true,true,true,true,0,0
0x0000006C,0x00285740,0x80229770,0x14B8..0x14D0; 2 blocks,0x14B8|0x14C8,fallthrough:0x14C8,1,1 x 32-bit stream slots; slot signedness unknown; direct retail reads=none isolated,+1 argument slots before shared tail; normal continuation consumes +1 command slot,func_8023FB90@0x00285748,Rs32@$v0+0x0004,post-command,2,2,true,true,true,true,false,1,1
0x0000006D,0x00285758,0x80229788,0x14D0..0x14E0; 2 blocks,0x14D0|0x14D8,fallthrough:0x14D8,0,0 x 32-bit stream slots; slot signedness unknown; direct retail reads=none isolated,+0 argument slots before shared tail; normal continuation consumes +1 command slot,func_8023FD88@0x00285758,none isolated,post-command,2,2,true,true,true,true,true,0,0
0x0000006E,0x00285768,0x80229798,0x14E0..0x1500; 2 blocks,0x14E0|0x14F8,fallthrough:0x14F8,3,3 x 32-bit stream slots; slot signedness unknown; direct retail reads=none isolated,+3 argument slots before shared tail; normal continuation consumes +1 command slot,func_0028308C@0x00285778,Rs32@$v0+0x0004|Rs32@$v0+0x0008|Rs32@$v0+0x000C,post-command,2,2,true,true,true,true,false,1,1
0x0000006F,0x00285788,0x802297B8,0x1500..0x1520; 2 blocks,0x1500|0x1518,fallthrough:0x1518,2,2 x 32-bit stream slots; slot signedness unknown; direct retail reads=none isolated,+2 argument slots before shared tail; normal continuation consumes +1 command slot,func_002831E0@0x00285798,Rs32@$v0+0x0004|Rs32@$v0+0x0008,post-command,2,2,true,true,true,true,false,1,1
0x00000070,0x002857A8,0x802297D8,0x1520..0x1540; 2 blocks,0x1520|0x1538,fallthrough:0x1538,2,2 x 32-bit stream slots; slot signedness unknown; direct retail reads=none isolated,+2 argument slots before shared tail; normal continuation consumes +1 command slot,func_002834C4@0x002857B8,Rs32@$v0+0x0004|Rs32@$v0+0x0008,post-command,2,2,true,true,true,true,true,0,0
0x00000071,0x002857C8,0x802297F8,0x1540..0x1564; 2 blocks,0x1540|0x155C,fallthrough:0x155C,4,4 x 32-bit stream slots; slot signedness unknown; direct retail reads=none isolated,+4 argument slots before shared tail; normal continuation consumes +1 command slot,func_00283564@0x002857DC,Rs32@$v0+0x0004|Rs32@$v0+0x0008|Rs32@$v0+0x000C|Rs32@$v0+0x0010,post-command,2,2,true,true,true,true,false,1,1
0x00000073,0x002857EC,0x8022981C,0x1564..0x1574; 2 blocks,0x1564|0x156C,fallthrough:0x156C,0,0 x 32-bit stream slots; slot signedness unknown; direct retail reads=none isolated,+0 argument slots before shared tail; normal continuation consumes +1 command slot,func_0029AF24@0x002857EC,none isolated,post-command,2,2,true,true,true,true,true,0,0
0x00000075,0x002857FC,0x8022982C,0x1574..0x1584; 2 blocks,0x1574|0x157C,fallthrough:0x157C,0,0 x 32-bit stream slots; slot signedness unknown; direct retail reads=none isolated,+0 argument slots before shared tail; normal continuation consumes +1 command slot,func_8023A7C4@0x002857FC,none isolated,post-command,2,2,true,true,true,true,true,0,0
0x00000076,0x0028580C,0x8022983C,0x1584..0x15C4; 2 blocks,0x1584|0x15BC,fallthrough:0x15BC,7,7 x 32-bit stream slots; slot signedness unknown; direct retail reads=none isolated,+7 argument slots before shared tail; normal continuation consumes +1 command slot,func_8023FF58@0x0028583C,Rs32@$v1+0x0004|Rs32@$v1+0x0008|Rs32@$v1+0x000C|Rs32@$v1+0x0010|Rs32@$v1+0x0014|Rs32@$v1+0x0018|Rs32@$v1+0x001C,post-command,2,2,true,true,true,true,false,1,1
0x00000077,0x0028584C,0x8022987C,0x0FA8..0x1EC4; 4 blocks,0x0FA8|0x15C4|0x15CC|0x1EC0,fallthrough:0x15CC,0,0 x 32-bit stream slots; slot signedness unknown; direct retail reads=none isolated,+0 argument slots before shared tail; normal continuation consumes +1 command slot,func_802401A0@0x0028584C,none isolated,post-command,4,3,false,true,true,true,false,3,2
0x0000007B,0x0028585C,0x8022988C,0x15D4..0x15F8; 2 blocks,0x15D4|0x15F0,fallthrough:0x15F0,4,4 x 32-bit stream slots; slot signedness unknown; direct retail reads=none isolated,+4 argument slots before shared tail; normal continuation consumes +1 command slot,func_0029A59C@0x00285870,Rs32@$v0+0x0004|Rs32@$v0+0x0008|Rs32@$v0+0x000C|Rs32@$v0+0x0010,post-command,2,2,true,true,true,true,true,0,0
0x0000007C,0x00285880,0x802298B0,0x15F8..0x1EC4; 2 blocks,0x15F8|0x1EC0,taken:0x1EC0,1,1 x 32-bit stream slots; slot signedness unknown; direct retail reads=+0x04:32-bit-signed,+1 argument slots before shared tail; normal continuation consumes +1 command slot,none,Rs32@$t0+0x0004|Rs32@0x8022A974|W8@$v1+0x1CB0,post-command,2,2,true,true,true,true,true,0,0
0x0000007D,0x00285898,0x802298C8,0x1610..0x1F40; 3 blocks,0x1610|0x1618|0x1F0C,fallthrough:0x1618,unknown,unknown/variable; direct retail reads=none isolated,unknown/variable before shared tail; observed deltas=dynamic,func_002839A8@0x00285898,W8@0x8022A998,return,3,3,true,true,true,true,true,0,0
0x0000007E,0x002858B0,0x802298E0,0x1628..0x1638; 2 blocks,0x1628|0x1630,fallthrough:0x1630,0,0 x 32-bit stream slots; slot signedness unknown; direct retail reads=none isolated,+0 argument slots before shared tail; normal continuation consumes +1 command slot,func_002839A8@0x002858B0,none isolated,post-command,2,2,true,true,true,true,true,0,0
0x0000007F,0x002858C0,0x802298F0,0x0FA8..0x1EC4; 4 blocks,0x0FA8|0x1638|0x1640|0x1EC0,fallthrough:0x1640,0,0 x 32-bit stream slots; slot signedness unknown; direct retail reads=none isolated,+0 argument slots before shared tail; normal continuation consumes +1 command slot,func_002839C4@0x002858C0,none isolated,post-command,4,3,false,true,true,true,false,3,2
0x00000080,0x002858D0,0x80229900,0x1648..0x1674; 2 blocks,0x1648|0x166C,fallthrough:0x166C,1,1 x 32-bit stream slots; slot signedness unknown; direct retail reads=none isolated,+1 argument slots before shared tail; normal continuation consumes +1 command slot,func_002A2C78@0x002858EC,Rs32@$v0+0x1A48|Rs32@0x8022A974|Ru8@$v0+0x0007|W16@$v1+0x0004,post-command,2,2,true,true,true,true,false,1,1
0x00000082,0x002858FC,0x8022992C,0x1674..0x1EC4; 4 blocks,0x1674|0x167C|0x1ABC|0x1EC0,fallthrough:0x167C,0,0 x 32-bit stream slots; slot signedness unknown; direct retail reads=none isolated,+0 argument slots before shared tail; normal continuation consumes +1 command slot,func_8022F324@0x002858FC,Rs32@0x8023DE34|W8@$v0+0x0066,post-command,4,4,true,true,true,true,true,0,0
0x00000083,0x0028590C,0x8022993C,0x1684..0x171C; 3 blocks,0x1684|0x170C|0x1714,taken:0x170C,1,1 x 32-bit stream slots; slot signedness unknown; direct retail reads=none isolated,+1 argument slots before shared tail; normal continuation consumes +1 command slot,func_8023DD68@0x00285994,Ru8@$v0+0x0007,post-command,3,3,true,true,true,true,true,0,0
0x00000084,0x0028591C,0x8022994C,0x1694..0x16AC; 3 blocks,0x1694|0x169C|0x16A4,fallthrough:0x169C,0,0 x 32-bit stream slots; slot signedness unknown; direct retail reads=none isolated,+0 argument slots before shared tail; normal continuation consumes +1 command slot,func_00019e10@0x0028591C|func_00019fc0@0x00285924,none isolated,post-command,3,3,true,true,true,true,true,0,0
0x00000085,0x00285934,0x80229964,0x16AC..0x16BC; 2 blocks,0x16AC|0x16B4,fallthrough:0x16B4,0,0 x 32-bit stream slots; slot signedness unknown; direct retail reads=none isolated,+0 argument slots before shared tail; normal continuation consumes +1 command slot,func_0001a050@0x00285934,none isolated,post-command,2,2,true,true,true,true,true,0,0
0x00000086,0x00285944,0x80229974,0x16BC..0x1EC4; 3 blocks,0x16BC|0x16C4|0x1EC0,fallthrough:0x16C4,0,0 x 32-bit stream slots; slot signedness unknown; direct retail reads=none isolated,+0 argument slots before shared tail; normal continuation consumes +1 command slot,func_8022F408@0x00285944,Rs32@0x8023DE34|W8@$v0+0x0066,post-command,3,3,true,true,true,true,true,0,0
0x00000087,0x0028595C,0x8022998C,0x0FA8..0x1EC4; 4 blocks,0x0FA8|0x16D4|0x16DC|0x1EC0,fallthrough:0x16DC,0,0 x 32-bit stream slots; slot signedness unknown; direct retail reads=none isolated,+0 argument slots before shared tail; normal continuation consumes +1 command slot,func_802348B8@0x0028595C,none isolated,post-command,4,3,false,true,true,true,false,3,2
0x00000088,0x0028596C,0x8022999C,0x16E4..0x16FC; 2 blocks,0x16E4|0x16F4,fallthrough:0x16F4,1,1 x 32-bit stream slots; slot signedness unknown; direct retail reads=none isolated,+1 argument slots before shared tail; normal continuation consumes +1 command slot,func_802348A8@0x00285974,Rs32@$v0+0x0004,post-command,2,2,true,true,true,true,true,0,0
0x0000008B,0x00285984,0x802299B4,0x16FC..0x171C; 3 blocks,0x16FC|0x170C|0x1714,fallthrough:0x170C,1,1 x 32-bit stream slots; slot signedness unknown; direct retail reads=none isolated,+1 argument slots before shared tail; normal continuation consumes +1 command slot,func_8023DD68@0x00285994,Ru8@$v0+0x0007,post-command,3,3,true,true,true,true,true,0,0
0x0000008C,0x002859A4,0x802299D4,0x171C..0x1738; 2 blocks,0x171C|0x1730,fallthrough:0x1730,1,1 x 32-bit stream slots; slot signedness unknown; direct retail reads=none isolated,+1 argument slots before shared tail; normal continuation consumes +1 command slot,func_802348D0@0x002859B0,Rs32@$v0+0x0004,post-command,2,2,true,true,true,true,true,0,0
0x0000008D,0x00286148,0x8022A178,0x1EC0..0x1EC4; 1 blocks,0x1EC0,tail:post-command,1,1 x 32-bit stream slots; slot signedness unknown; direct retail reads=none isolated,+1 argument slots before shared tail; normal continuation consumes +1 command slot,none,none isolated,post-command,1,1,true,true,true,true,true,0,0
0x0000008E,0x00285A7C,0x80229AAC,0x17F4..0x1800; 1 blocks,0x17F4,tail:post-command,2,2 x 32-bit stream slots; slot signedness unknown; direct retail reads=none isolated,+2 argument slots before shared tail; normal continuation consumes +1 command slot,none,none isolated,post-command,1,2,false,true,true,true,false,1,2
0x0000008F,0x002859C0,0x802299F0,0x1738..0x1EC4; 3 blocks,0x1738|0x1754|0x1EC0,fallthrough:0x1754,0,0 x 32-bit stream slots; slot signedness unknown; direct retail reads=none isolated,+0 argument slots before shared tail; normal continuation consumes +1 command slot,func_00045df4@0x002859D4,Rs32@$v0+0x000C,post-command,3,3,true,true,true,true,true,0,0
0x00000090,0x002859E4,0x80229A14,0x175C..0x1EC4; 3 blocks,0x175C|0x1770|0x1EC0,fallthrough:0x1770,0,0 x 32-bit stream slots; slot signedness unknown; direct retail reads=none isolated,+0 argument slots before shared tail; normal continuation consumes +1 command slot,func_8023CFA0@0x002859F0,Rs32@$v0+0x000C,post-command,3,3,true,true,true,true,true,0,0
0x00000092,0x00285A00,0x80229A30,0x1778..0x1EC4; 4 blocks,0x1778|0x1788|0x17A0|0x1EC0,fallthrough:0x1788|taken:0x1EC0,unknown,unknown/variable; direct retail reads=none isolated,unknown/variable before shared tail; observed deltas=2|4,func_8023D0EC@0x00285A20,Rs32@$v0+0x0004|Rs32@$v0+0x0008|Ru8@0x8018FC19,post-command,4,4,true,true,true,true,true,0,0
0x00000094,0x00285A30,0x80229A60,0x17A8..0x1EC4; 4 blocks,0x17A8|0x17B8|0x17C4|0x1EC0,fallthrough:0x17B8|taken:0x1EC0,1,1 x 32-bit stream slots; slot signedness unknown; direct retail reads=+0x07:8-bit-unsigned,+1 argument slots before shared tail; normal continuation consumes +1 command slot,func_802339D8@0x00285A44,Ru8@$t0+0x0007|Ru8@0x8018FC19,post-command,4,4,true,true,true,true,true,0,0
0x00000095,0x00285A54,0x80229A84,0x17CC..0x1EC4; 4 blocks,0x17CC|0x17DC|0x17F4|0x1EC0,fallthrough:0x17DC|taken:0x1EC0,unknown,unknown/variable; direct retail reads=none isolated,unknown/variable before shared tail; observed deltas=2|4,func_8023D1E8@0x00285A74,Rs32@$v0+0x0004|Rs32@$v0+0x0008|Ru8@0x8018FC19,post-command,4,4,true,true,true,true,false,1,1
0x00000096,0x00285A88,0x80229AB8,0x1800..0x1EC4; 4 blocks,0x1800|0x1810|0x1824|0x1EC0,fallthrough:0x1810|taken:0x1EC0,unknown,unknown/variable; direct retail reads=none isolated,unknown/variable before shared tail; observed deltas=1|2,func_8023D7A8@0x00285AA4,Rs32@$v0+0x0004|Ru8@0x8018FC19,post-command,4,4,true,true,true,true,true,0,0
0x00000097,0x00285AB4,0x80229AE4,0x182C..0x183C; 2 blocks,0x182C|0x1834,fallthrough:0x1834,0,0 x 32-bit stream slots; slot signedness unknown; direct retail reads=none isolated,+0 argument slots before shared tail; normal continuation consumes +1 command slot,func_00283B30@0x00285AB4,none isolated,post-command,2,2,true,true,true,true,true,0,0
0x00000099,0x00285AC4,0x80229AF4,0x183C..0x1850; 2 blocks,0x183C|0x1848,fallthrough:0x1848,1,1 x 32-bit stream slots; slot signedness unknown; direct retail reads=none isolated,+1 argument slots before shared tail; normal continuation consumes +1 command slot,none,Ru8@$v0+0x0007,post-command,2,2,true,true,true,true,false,2,2
0x0000009A,0x00285AD8,0x80229B08,0x1850..0x1EC4; 2 blocks,0x1850|0x1EC0,taken:0x1EC0,0,0 x 32-bit stream slots; slot signedness unknown; direct retail reads=none isolated,+0 argument slots before shared tail; normal continuation consumes +1 command slot,none,none isolated,post-command,2,2,true,true,true,true,true,0,0
0x0000009B,0x00285AE0,0x80229B10,0x1858..0x1870; 2 blocks,0x1858|0x1868,fallthrough:0x1868,1,1 x 32-bit stream slots; slot signedness unknown; direct retail reads=none isolated,+1 argument slots before shared tail; normal continuation consumes +1 command slot,func_8023CBD8@0x00285AE8,Rs32@$v0+0x0004,post-command,2,2,true,true,true,true,true,0,0
0x0000009C,0x00285AF8,0x80229B28,0x1870..0x1890; 2 blocks,0x1870|0x1888,fallthrough:0x1888,2,2 x 32-bit stream slots; slot signedness unknown; direct retail reads=none isolated,+2 argument slots before shared tail; normal continuation consumes +1 command slot,func_8023D2C4@0x00285B08,Rs32@$v0+0x0004|Rs32@$v0+0x0008,post-command,2,2,true,true,true,true,true,0,0
0x0000009D,0x00285B18,0x80229B48,0x1890..0x18B0; 2 blocks,0x1890|0x18A8,fallthrough:0x18A8,2,2 x 32-bit stream slots; slot signedness unknown; direct retail reads=none isolated,+2 argument slots before shared tail; normal continuation consumes +1 command slot,func_0029C5A0@0x00285B28,Rs32@$v0+0x0004|Rs32@$v0+0x0008,post-command,2,2,true,true,true,true,true,0,0
0x000000A1,0x00285B38,0x80229B68,0x18B0..0x1EC4; 3 blocks,0x18B0|0x18C0|0x1EC0,fallthrough:0x18C0,0,0 x 32-bit stream slots; slot signedness unknown; direct retail reads=none isolated,+0 argument slots before shared tail; normal continuation consumes +1 command slot,func_8023C804@0x00285B40,Rs32@$v0+0x000C,post-command,3,3,true,true,true,true,true,0,0
0x000000A4,0x00285B50,0x80229B80,0x18C8..0x18DC; 2 blocks,0x18C8|0x18D4,fallthrough:0x18D4,1,1 x 32-bit stream slots; slot signedness unknown; direct retail reads=+0x04:32-bit-signed,+1 argument slots before shared tail; normal continuation consumes +1 command slot,func_8023D878@0x00285B54,Rs32@$t0+0x0004,post-command,2,2,true,true,true,true,true,0,0
0x000000A5,0x00285B64,0x80229B94,0x0FA8..0x1EC4; 4 blocks,0x0FA8|0x18DC|0x18E4|0x1EC0,fallthrough:0x18E4,0,0 x 32-bit stream slots; slot signedness unknown; direct retail reads=none isolated,+0 argument slots before shared tail; normal continuation consumes +1 command slot,func_8023DCC0@0x00285B64,none isolated,post-command,4,3,false,true,true,true,false,2,1
0x000000A6,0x00285B74,0x80229BA4,0x18EC..0x190C; 2 blocks,0x18EC|0x1904,fallthrough:0x1904,2,2 x 32-bit stream slots; slot signedness unknown; direct retail reads=none isolated,+2 argument slots before shared tail; normal continuation consumes +1 command slot,func_8023DCD4@0x00285B84,Rs32@$v0+0x0004|Rs32@$v0+0x0008,post-command,2,2,true,true,true,true,true,0,0
0x000000A7,0x00285B94,0x80229BC4,0x190C..0x1928; 2 blocks,0x190C|0x1920,fallthrough:0x1920,1,1 x 32-bit stream slots; slot signedness unknown; direct retail reads=none isolated,+1 argument slots before shared tail; normal continuation consumes +1 command slot,func_0029BDF8@0x00285BA0,Rs32@$v0+0x0004,post-command,2,2,true,true,true,true,true,0,0
0x000000A9,0x00285BB0,0x80229BE0,0x1928..0x1938; 2 blocks,0x1928|0x1930,fallthrough:0x1930,0,0 x 32-bit stream slots; slot signedness unknown; direct retail reads=none isolated,+0 argument slots before shared tail; normal continuation consumes +1 command slot,func_8023E320@0x00285BB0,none isolated,post-command,2,2,true,true,true,true,true,0,0
0x000000AA,0x00285BC0,0x80229BF0,0x1848..0x1978; 4 blocks,0x1848|0x1938|0x195C|0x1970,fallthrough:0x195C|taken:0x1848,1,1 x 32-bit stream slots; slot signedness unknown; direct retail reads=+0x04:32-bit-signed,+1 argument slots before shared tail; normal continuation consumes +1 command slot,func_0026285C@0x00285BF0,Rs32@$t0+0x0004|Rs32@$v0+0x0000|Rs32@0x8022A974|Ru16@$v0+0x0028,post-command,4,4,true,true,true,true,false,2,2
0x000000AB,0x00285C00,0x80229C30,0x1978..0x1998; 3 blocks,0x1978|0x1988|0x1990,fallthrough:0x1988,2,2 x 32-bit stream slots; slot signedness unknown; direct retail reads=none isolated,+2 argument slots before shared tail; normal continuation consumes +1 command slot,func_8023C3DC@0x00285C10,Rs32@$v0+0x0004|Rs32@$v0+0x0008,post-command,3,3,true,true,true,true,true,0,0
0x000000AE,0x00285C20,0x80229C50,0x1998..0x19B8; 2 blocks,0x1998|0x19B0,fallthrough:0x19B0,2,2 x 32-bit stream slots; slot signedness unknown; direct retail reads=none isolated,+2 argument slots before shared tail; normal continuation consumes +1 command slot,func_8023C9D4@0x00285C30,Rs32@$v0+0x0004|Rs32@$v0+0x0008,post-command,2,2,true,true,true,true,true,0,0
0x000000AF,0x00285C40,0x80229C70,0x19B8..0x19C8; 2 blocks,0x19B8|0x19C0,fallthrough:0x19C0,0,0 x 32-bit stream slots; slot signedness unknown; direct retail reads=none isolated,+0 argument slots before shared tail; normal continuation consumes +1 command slot,func_8022DDC4@0x00285C40,none isolated,post-command,2,2,true,true,true,true,true,0,0
0x000000B0,0x00285C50,0x80229C80,0x19C8..0x19D8; 2 blocks,0x19C8|0x19D0,fallthrough:0x19D0,0,0 x 32-bit stream slots; slot signedness unknown; direct retail reads=none isolated,+0 argument slots before shared tail; normal continuation consumes +1 command slot,func_8022DDE4@0x00285C50,none isolated,post-command,2,2,true,true,true,true,true,0,0
0x000000B1,0x00285C60,0x80229C90,0x0FA8..0x1EC4; 4 blocks,0x0FA8|0x19D8|0x19E0|0x1EC0,fallthrough:0x19E0,0,0 x 32-bit stream slots; slot signedness unknown; direct retail reads=none isolated,+0 argument slots before shared tail; normal continuation consumes +1 command slot,func_8022DF48@0x00285C60,none isolated,post-command,4,3,false,true,true,true,false,3,2
0x000000B2,0x00285C70,0x80229CA0,0x19E8..0x1EC4; 3 blocks,0x19E8|0x19F8|0x1EC0,fallthrough:0x19F8|taken:0x1EC0,0,0 x 32-bit stream slots; slot signedness unknown; direct retail reads=none isolated,+0 argument slots before shared tail; normal continuation consumes +1 command slot,none,Rs32@0x8022A970|W8@$v0+0x0840,post-command,3,3,true,true,true,true,false,2,2
0x000000B3,0x00285C88,0x80229CB8,0x1A00..0x1EC4; 3 blocks,0x1A00|0x1A10|0x1EC0,fallthrough:0x1A10|taken:0x1EC0,0,0 x 32-bit stream slots; slot signedness unknown; direct retail reads=none isolated,+0 argument slots before shared tail; normal continuation consumes +1 command slot,none,Rs32@0x8022A970|W8@$v0+0x0840,post-command,3,3,true,true,true,true,true,0,0
0x000000B4,0x00285CA0,0x80229CD0,0x1A18..0x1A40; 2 blocks,0x1A18|0x1A38,fallthrough:0x1A38,4,4 x 32-bit stream slots; slot signedness unknown; direct retail reads=none isolated,+4 argument slots before shared tail; normal continuation consumes +1 command slot,func_00283224@0x00285CB8,Rs32@$v0+0x0004|Rs32@$v0+0x0008|Rs32@$v0+0x000C|Rs32@$v0+0x0010,post-command,2,2,true,true,true,true,true,0,0
0x000000B5,0x00285CC8,0x80229CF8,0x0FA8..0x1EC4; 6 blocks,0x0FA8|0x1A40|0x1A54|0x1A68|0x1A70|0x1EC0,fallthrough:0x1A54|taken:0x1A68,0,0 x 32-bit stream slots; slot signedness unknown; direct retail reads=none isolated,+0 argument slots before shared tail; normal continuation consumes +1 command slot,func_00283694@0x00285CF0,Rs32@$v0+0x0008|Ru16@0x800E8100|W32@0x8022A990,post-command,6,5,false,true,true,true,false,3,2
0x000000B6,0x00285D00,0x80229D30,0x1848..0x1A9C; 4 blocks,0x1848|0x1A78|0x1A88|0x1A94,fallthrough:0x1A88|taken:0x1848,1,1 x 32-bit stream slots; slot signedness unknown; direct retail reads=+0x07:8-bit-signed,+1 argument slots before shared tail; normal continuation consumes +1 command slot,func_00045cb0@0x00285D14,Rs32@0x8018F1A4|Rs8@$t0+0x0007,post-command,4,4,true,true,true,true,false,1,1
0x000000B7,0x00285D24,0x80229D54,0x1A9C..0x1EC4; 3 blocks,0x1A9C|0x1AA4|0x1EC0,fallthrough:0x1AA4,0,0 x 32-bit stream slots; slot signedness unknown; direct retail reads=none isolated,+0 argument slots before shared tail; normal continuation consumes +1 command slot,func_8022F148@0x00285D24,Rs32@0x8023DE34|W8@$v0+0x0066,post-command,3,3,true,true,true,true,true,0,0
0x000000B8,0x00285D3C,0x80229D6C,0x1AB4..0x1EC4; 3 blocks,0x1AB4|0x1ABC|0x1EC0,fallthrough:0x1ABC,0,0 x 32-bit stream slots; slot signedness unknown; direct retail reads=none isolated,+0 argument slots before shared tail; normal continuation consumes +1 command slot,func_8022F2D8@0x00285D3C,Rs32@0x8023DE34|W8@$v0+0x0066,post-command,3,3,true,true,true,true,true,0,0
0x000000BB,0x00285D54,0x80229D84,0x1ACC..0x1F40; 9 blocks,0x1ACC|0x1AD4|0x1ADC|0x1AE4|0x1AFC|0x1B14|0x1B1C|0x1B30|0x1F0C,fallthrough:0x1AD4,unknown,unknown/variable; direct retail reads=none isolated,unknown/variable before shared tail; observed deltas=dynamic,func_00048294@0x00285D54|func_00048024@0x00285D5C|func_000466f4@0x00285D64|func_00283E14@0x00285D7C|resource_free@0x00285D9C|func_00283FA8@0x00285DB0,Rs16@0x8022A994|Rs32@0x8022A958|Ru16@0x8018F1A0|W16@0x8022A994|W32@0x8022A958|W8@0x8022AC80,return,9,9,true,true,true,true,false,5,5
0x000000BC,0x00285DC0,0x80229DF0,0x1B38..0x1EC4; 2 blocks,0x1B38|0x1EC0,taken:0x1EC0,0,0 x 32-bit stream slots; slot signedness unknown; direct retail reads=none isolated,+0 argument slots before shared tail; normal continuation consumes +1 command slot,none,Ru16@0x80196A2C,post-command,2,2,true,true,true,true,true,0,0
0x000000BD,0x00285DD4,0x80229E04,0x1B4C..0x1EC4; 2 blocks,0x1B4C|0x1EC0,taken:0x1EC0,0,0 x 32-bit stream slots; slot signedness unknown; direct retail reads=none isolated,+0 argument slots before shared tail; normal continuation consumes +1 command slot,none,Rs32@0x8018F1A4,post-command,2,2,true,true,true,true,true,0,0
0x000000BE,0x00285DE8,0x80229E18,0x0FA8..0x1EC4; 4 blocks,0x0FA8|0x1B60|0x1B8C|0x1EC0,fallthrough:0x1B8C|taken:0x0FA8,0,0 x 32-bit stream slots; slot signedness unknown; direct retail reads=none isolated,+0 argument slots before shared tail; normal continuation consumes +1 command slot,none,Ru8@0x801936A9,post-command,4,3,false,true,true,true,false,3,2
0x000000BF,0x00285E1C,0x80229E4C,0x1B94..0x1C2C; 8 blocks,0x1B94|0x1BAC|0x1BB8|0x1BBC|0x1BC8|0x1BD4|0x1BE0|0x1C24,fallthrough:0x1BAC|taken:0x1BBC,13,13 x 32-bit stream slots; slot signedness unknown; direct retail reads=none isolated,+13 argument slots before shared tail; normal continuation consumes +1 command slot,func_0029FF74@0x00285E38|func_002A0088@0x00285EA4,Rs32@$s0+0x0004|Rs32@$s0+0x0008|Rs32@$s0+0x000C|Rs32@$s0+0x0010|Rs32@$s0+0x0014|Rs32@$s0+0x0018|Rs32@$s0+0x0020|Rs32@$s0+0x0024|Rs32@$s0+0x0028|Rs32@$s0+0x002C|Rs32@$s0+0x0030|Rs32@$s0+0x0034,post-command,8,8,true,true,true,true,false,2,2
0x000000C2,0x00285EB4,0x80229EE4,0x1C2C..0x1C4C; 2 blocks,0x1C2C|0x1C44,fallthrough:0x1C44,2,2 x 32-bit stream slots; slot signedness unknown; direct retail reads=none isolated,+2 argument slots before shared tail; normal continuation consumes +1 command slot,func_80243AC8@0x00285EC4,Rs16@$v0+0x0006|Rs16@$v0+0x000A,post-command,2,2,true,true,true,true,true,0,0
0x000000C3,0x00285ED4,0x80229F04,0x1C4C..0x1C94; 3 blocks,0x1C4C|0x1C70|0x1C8C,fallthrough:0x1C70,0,0 x 32-bit stream slots; slot signedness unknown; direct retail reads=none isolated,+0 argument slots before shared tail; normal continuation consumes +1 command slot,none,Rs32@0x801CEAB0|Rs32@0x801D06F4|W8@$v0+0x0000,post-command,3,3,true,true,true,true,false,3,3
0x80000000,0x00285F1C,0x80229F4C,0x0078..0x1F40; 578 blocks,0x0078|0x008C|0x0098|0x00A0|0x00A8|0x00B0|0x00B8|0x00C4|0x00CC|0x00D8|0x00E0|0x00EC|0x00F4|0x00FC|0x0108|0x0110|0x0120|0x012C|0x0134|0x013C|0x0144|0x0150|0x0158|0x0160|0x0168|0x0170|0x017C|0x0184|0x018C|0x0194|0x01A0|0x01A8|0x01B0|0x01BC|0x01C4|0x01CC|0x01D4|0x01DC|0x01E4|0x01EC|0x01F4|0x0200|0x0208|0x0214|0x021C|0x0224|0x0230|0x0238|0x0240|0x0248|0x0250|0x0258|0x0264|0x026C|0x0274|0x0280|0x0288|0x0294|0x029C|0x02A4|0x02B0|0x02B8|0x02C0|0x02C8|0x02D0|0x02D8|0x02E0|0x02E8|0x02F0|0x02F8|0x0304|0x030C|0x0318|0x0320|0x0328|0x0334|0x033C|0x0344|0x034C|0x0354|0x035C|0x0368|0x0370|0x0378|0x0384|0x038C|0x0398|0x03A0|0x03A8|0x03B4|0x03BC|0x03C4|0x03CC|0x03D4|0x03DC|0x03E8|0x03F0|0x03F8|0x0404|0x040C|0x0418|0x0420|0x0428|0x0434|0x043C|0x0444|0x044C|0x0458|0x0460|0x0468|0x0474|0x047C|0x0488|0x0490|0x0498|0x04A4|0x04AC|0x04B4|0x04BC|0x04C4|0x04CC|0x04D4|0x04DC|0x04E4|0x04EC|0x04F4|0x0500|0x0508|0x0514|0x051C|0x0524|0x0530|0x0538|0x0540|0x0548|0x0550|0x0558|0x0564|0x056C|0x0574|0x0580|0x0588|0x0594|0x059C|0x05A4|0x05B0|0x05B8|0x05C0|0x05C8|0x05D0|0x05D8|0x05E0|0x05E8|0x05F4|0x05FC|0x0604|0x0610|0x0618|0x0620|0x0628|0x0630|0x063C|0x0644|0x064C|0x0654|0x0660|0x0668|0x0670|0x067C|0x0684|0x068C|0x0694|0x06A0|0x06A8|0x06B0|0x06BC|0x06C4|0x06CC|0x06D4|0x06DC|0x06E4|0x06EC|0x06F4|0x0700|0x0708|0x0714|0x071C|0x0724|0x072C|0x0734|0x0740|0x0748|0x0750|0x0758|0x0764|0x076C|0x0774|0x0780|0x0788|0x0790|0x0798|0x07A0|0x07AC|0x07B4|0x07BC|0x07C4|0x07CC|0x07D4|0x07DC|0x07E4|0x07F0|0x07F8|0x0800|0x080C|0x0814|0x081C|0x0824|0x082C|0x0838|0x0840|0x0848|0x0850|0x0858|0x0860|0x0868|0x0874|0x087C|0x0884|0x088C|0x0894|0x089C|0x08A4|0x08AC|0x08B4|0x08BC|0x0914|0x091C|0x0930|0x0938|0x094C|0x0954|0x09B8|0x09C0|0x09D0|0x09E0|0x09E8|0x09F8|0x0A00|0x0A08|0x0A1C|0x0A24|0x0A30|0x0A38|0x0A48|0x0A50|0x0A64|0x0A6C|0x0AC8|0x0AD0|0x0AF0|0x0AF8|0x0B08|0x0B10|0x0B24|0x0B2C|0x0B5C|0x0B64|0x0B74|0x0B8C|0x0B94|0x0BA4|0x0BAC|0x0BF0|0x0BF8|0x0C0C|0x0C14|0x0C1C|0x0C5C|0x0C64|0x0C74|0x0C7C|0x0C9C|0x0CA4|0x0CB8|0x0CC0|0x0CCC|0x0CD4|0x0CE4|0x0CEC|0x0CFC|0x0D34|0x0D3C|0x0D4C|0x0D60|0x0D68|0x0D78|0x0DC8|0x0DD0|0x0DE0|0x0DE8|0x0DF0|0x0DF8|0x0E00|0x0E28|0x0E30|0x0E40|0x0E48|0x0E54|0x0E5C|0x0E68|0x0E70|0x0ED0|0x0ED8|0x0EE8|0x0F14|0x0F1C|0x0F48|0x0F50|0x0F60|0x0F68|0x0F70|0x0F78|0x0F80|0x0F90|0x0F98|0x0FA0|0x0FA8|0x0FB0|0x0FC0|0x0FC8|0x0FD0|0x0FD8|0x0FF0|0x1034|0x103C|0x104C|0x107C|0x10B4|0x10C8|0x10D0|0x1118|0x1120|0x113C|0x1144|0x1158|0x1160|0x116C|0x1174|0x11B8|0x11C0|0x11C8|0x11D0|0x11EC|0x11F4|0x11FC|0x1204|0x120C|0x1214|0x121C|0x1230|0x1238|0x1248|0x1250|0x1260|0x127C|0x1284|0x128C|0x12A0|0x12A8|0x12D8|0x12E0|0x1318|0x1320|0x1350|0x1358|0x136C|0x1378|0x1384|0x138C|0x1398|0x13A0|0x13F0|0x13F8|0x1418|0x1420|0x1430|0x1438|0x1444|0x144C|0x1474|0x147C|0x1484|0x1494|0x149C|0x14B0|0x14B8|0x14C8|0x14D0|0x14D8|0x14E0|0x14F8|0x1500|0x1518|0x1520|0x1538|0x1540|0x155C|0x1564|0x156C|0x1574|0x157C|0x1584|0x15BC|0x15C4|0x15CC|0x15D4|0x15F0|0x15F8|0x1610|0x1618|0x1628|0x1630|0x1638|0x1640|0x1648|0x166C|0x1674|0x167C|0x1684|0x1694|0x169C|0x16A4|0x16AC|0x16B4|0x16BC|0x16C4|0x16D4|0x16DC|0x16E4|0x16F4|0x16FC|0x170C|0x1714|0x171C|0x1730|0x1738|0x1754|0x175C|0x1770|0x1778|0x1788|0x17A0|0x17A8|0x17B8|0x17C4|0x17CC|0x17DC|0x17F4|0x1800|0x1810|0x1824|0x182C|0x1834|0x183C|0x1848|0x1850|0x1858|0x1868|0x1870|0x1888|0x1890|0x18A8|0x18B0|0x18C0|0x18C8|0x18D4|0x18DC|0x18E4|0x18EC|0x1904|0x190C|0x1920|0x1928|0x1930|0x1938|0x195C|0x1970|0x1978|0x1988|0x1990|0x1998|0x19B0|0x19B8|0x19C0|0x19C8|0x19D0|0x19D8|0x19E0|0x19E8|0x19F8|0x1A00|0x1A10|0x1A18|0x1A38|0x1A40|0x1A54|0x1A68|0x1A70|0x1A78|0x1A88|0x1A94|0x1A9C|0x1AA4|0x1AB4|0x1ABC|0x1ACC|0x1AD4|0x1ADC|0x1AE4|0x1AFC|0x1B14|0x1B1C|0x1B30|0x1B38|0x1B4C|0x1B60|0x1B8C|0x1B94|0x1BAC|0x1BB8|0x1BBC|0x1BC8|0x1BD4|0x1BE0|0x1C24|0x1C2C|0x1C44|0x1C4C|0x1C70|0x1C8C|0x1C94|0x1CA0|0x1CAC|0x1CB8|0x1CC0|0x1CC8|0x1CDC|0x1CE8|0x1D20|0x1D30|0x1D3C|0x1D4C|0x1D54|0x1D64|0x1D7C|0x1D90|0x1DA4|0x1DB4|0x1DC4|0x1DCC|0x1DE8|0x1DF0|0x1DF8|0x1E08|0x1E10|0x1E20|0x1E28|0x1E2C|0x1E70|0x1E88|0x1E9C|0x1EA4|0x1EA8|0x1EC0|0x1EF0|0x1EF4|0x1F08|0x1F0C,fallthrough:0x1CA0|taken:0x1CAC,unknown,unknown/variable; direct retail reads=+0x04:32-bit-signed|+0x04:32-bit-unknown|+0x07:8-bit-signed|+0x07:8-bit-unsigned|+0x08:32-bit-signed|+0x08:32-bit-unknown|+0x0A:16-bit-unsigned|+0x0C:32-bit-signed|+0x0C:32-bit-unknown|+0x10:32-bit-signed|+0x10:32-bit-unknown|+0x14:32-bit-signed,unknown/variable before shared tail; observed deltas=dynamic,func_00283654@0x00284B24|func_002836A4@0x00284B34|func_002A08C0@0x00284B94|func_002A0548@0x00284BB0|func_002A0374@0x00284BCC|func_002A0B14@0x00284C38|func_8023C228@0x00284C60|func_8023C214@0x00284C80|func_0029DF04@0x00284C9C|func_002A0354@0x00284CB0|func_002A13C4@0x00284CC8|func_002A05EC@0x00284CE4|func_0029D790@0x00284D48|func_0029C624@0x00284D70|func_0029C92C@0x00284D88|func_002A053C@0x00284DA4|func_002838AC@0x00284DDC|func_8023A5EC@0x00284E0C|func_002A1690@0x00284E24|func_0029BA80@0x00284E70|func_0029BDC4@0x00284E8C|func_002A1610@0x00284EDC|func_002A05DC@0x00284EF4|func_002a3bc0@0x00284F1C|func_002a3efc@0x00284F38|func_0029B78C@0x00284F4C|func_0029B9E0@0x00284F64|func_80239C04@0x00284FB4|func_8023A164@0x00284FE0|func_80239A84@0x00285048|func_80239B68@0x00285068|func_0029C19C@0x00285078|func_0029C1B8@0x002850A8|func_8023A8C0@0x002850C0|func_0029A4C0@0x002850D4|func_8023BDA8@0x002850E8|func_8023E694@0x00285150|func_80234D10@0x00285194|func_8023DF70@0x002851C8|func_8023519C@0x002851E8|func_8023E2C0@0x002851F8|func_8023BB48@0x00285210|func_8023BD7C@0x00285220|func_8023B500@0x00285240|func_8023DCC0@0x00285250|func_0029A7C4@0x002852B4|func_002A175C@0x00285348|func_80240CA8@0x00285398|func_8024098C@0x002853BC|func_802408A8@0x002853D8|func_802409C4@0x002853EC|func_802416AC@0x00285438|func_80240F58@0x00285448|func_8023E998@0x0028546C|func_8023EAA0@0x0028547C|func_8023F304@0x0028548C|func_002864F8@0x002854B0|func_8022A428@0x002854D0|func_8023BF30@0x002854FC|func_802396DC@0x00285504|func_8023C08C@0x00285520|func_8023A670@0x00285558|func_001F0E04@0x00285598|func_001F0E04@0x002855D0|func_002A6150@0x00285604|func_8023BD88@0x00285618|func_80241ED0@0x00285670|func_80242030@0x00285698|func_802420DC@0x002856B0|func_0029AC44@0x002856C4|func_0029DEC8@0x002856F4|func_00283740@0x00285704|func_002836C8@0x00285714|func_00283748@0x00285730|func_8023FB90@0x00285748|func_8023FD88@0x00285758|func_0028308C@0x00285778|func_002831E0@0x00285798|func_002834C4@0x002857B8|func_00283564@0x002857DC|func_0029AF24@0x002857EC|func_8023A7C4@0x002857FC|func_8023FF58@0x0028583C|func_802401A0@0x0028584C|func_0029A59C@0x00285870|func_002839A8@0x00285898|func_002839A8@0x002858B0|func_002839C4@0x002858C0|func_002A2C78@0x002858EC|func_8022F324@0x002858FC|func_00019e10@0x0028591C|func_00019fc0@0x00285924|func_0001a050@0x00285934|func_8022F408@0x00285944|func_802348B8@0x0028595C|func_802348A8@0x00285974|func_8023DD68@0x00285994|func_802348D0@0x002859B0|func_00045df4@0x002859D4|func_8023CFA0@0x002859F0|func_8023D0EC@0x00285A20|func_802339D8@0x00285A44|func_8023D1E8@0x00285A74|func_8023D7A8@0x00285AA4|func_00283B30@0x00285AB4|func_8023CBD8@0x00285AE8|func_8023D2C4@0x00285B08|func_0029C5A0@0x00285B28|func_8023C804@0x00285B40|func_8023D878@0x00285B54|func_8023DCC0@0x00285B64|func_8023DCD4@0x00285B84|func_0029BDF8@0x00285BA0|func_8023E320@0x00285BB0|func_0026285C@0x00285BF0|func_8023C3DC@0x00285C10|func_8023C9D4@0x00285C30|func_8022DDC4@0x00285C40|func_8022DDE4@0x00285C50|func_8022DF48@0x00285C60|func_00283224@0x00285CB8|func_00283694@0x00285CF0|func_00045cb0@0x00285D14|func_8022F148@0x00285D24|func_8022F2D8@0x00285D3C|func_00048294@0x00285D54|func_00048024@0x00285D5C|func_000466f4@0x00285D64|func_00283E14@0x00285D7C|resource_free@0x00285D9C|func_00283FA8@0x00285DB0|func_0029FF74@0x00285E38|func_002A0088@0x00285EA4|func_80243AC8@0x00285EC4|func_00283FA8@0x00285F48|resource_free@0x00285F68|func_8023C874@0x00286044|func_8023BF30@0x00286068|func_802396DC@0x00286070|func_002A44EC@0x00286088|func_0004ecfc@0x002860A8|func_002A7010@0x002860F0|func_0004ecfc@0x00286124|func_0029BEF4@0x00286140,R32@$t0+0x0004|R32@$t0+0x0008|R32@$t0+0x000C|R32@$t0+0x0010|R32@$v0+0x0004|R32@$v0+0x0008|R32@$v0+0x000C|R32@$v0+0x0010|R32@$v0+0x0014|R32@$v0+0x0018|R32@$v0+0x001C|R32@$v1+0x0008|R32@$v1+0x000C|R32@$v1+0x0010|R32@$v1+0x0014|R32@$v1+0x0018|R32@$v1+0x001C|Rs16@$v0+0x0006|Rs16@$v0+0x000A|Rs16@$v0+0x000E|Rs16@$v0+0x0012|Rs16@$v0+0x0016|Rs16@$v0+0x001A|Rs16@0x8022A994|Rs32@$s0+0x0004|Rs32@$s0+0x0008|Rs32@$s0+0x000C|Rs32@$s0+0x0010|Rs32@$s0+0x0014|Rs32@$s0+0x0018|Rs32@$s0+0x0020|Rs32@$s0+0x0024|Rs32@$s0+0x0028|Rs32@$s0+0x002C|Rs32@$s0+0x0030|Rs32@$s0+0x0034|Rs32@$t0+0x0000|Rs32@$t0+0x0004|Rs32@$t0+0x0008|Rs32@$t0+0x000C|Rs32@$t0+0x0010|Rs32@$t0+0x0014|Rs32@$v0+0x0000|Rs32@$v0+0x0004|Rs32@$v0+0x0008|Rs32@$v0+0x000C|Rs32@$v0+0x0010|Rs32@$v0+0x0014|Rs32@$v0+0x0018|Rs32@$v0+0x001C|Rs32@$v0+0x0020|Rs32@$v0+0x1A48|Rs32@$v1+0x0004|Rs32@$v1+0x0008|Rs32@$v1+0x000C|Rs32@$v1+0x0010|Rs32@$v1+0x0014|Rs32@$v1+0x0018|Rs32@$v1+0x001C|Rs32@$v1+0x0020|Rs32@$v1+0x0024|Rs32@$v1+0x0028|Rs32@0x8018F1A4|Rs32@0x801CEAB0|Rs32@0x801D06F4|Rs32@0x801D07D0|Rs32@0x801D07D8|Rs32@0x8022A954|Rs32@0x8022A958|Rs32@0x8022A95C|Rs32@0x8022A970|Rs32@0x8022A974|Rs32@0x8023DE34|Rs8@$t0+0x0007|Rs8@0x801CFC70|Ru16@$t0+0x000A|Ru16@$v0+0x0028|Ru16@0x800E8100|Ru16@0x8018F1A0|Ru16@0x80196A2C|Ru8@$t0+0x0007|Ru8@$v0+0x0007|Ru8@$v0+0x000B|Ru8@$v0+0x000F|Ru8@$v1+0x0007|Ru8@$v1+0x0023|Ru8@$v1+0x0027|Ru8@$v1+0x0840|Ru8@0x8018FC19|Ru8@0x801936A9|Ru8@0x8022A99A|W16@$v1+0x0004|W16@0x8022A994|W32@$v1+0x0000|W32@$v1+0x0004|W32@$v1+0x0008|W32@$v1+0x000C|W32@0x801D0718|W32@0x801D0768|W32@0x801D0814|W32@0x8022A950|W32@0x8022A958|W32@0x8022A95C|W32@0x8022A990|W8@$v0+0x0000|W8@$v0+0x0066|W8@$v0+0x0840|W8@$v1+0x0840|W8@$v1+0x1CB0|W8@0x801CFC70|W8@0x8022A960|W8@0x8022A998|W8@0x8022A99A|W8@0x8022AC80,post-command,578,579,false,false,true,true,false,198,199
0x80000001,0x00285FD4,0x8022A004,0x1D4C..0x1F40; 2 blocks,0x1D4C|0x1F0C,taken:0x1F0C,unknown,unknown/variable; direct retail reads=none isolated,unknown/variable before shared tail; observed deltas=dynamic,none,none isolated,return,2,2,true,true,true,true,true,0,0
0x80000003,0x00285FDC,0x8022A00C,0x1B14..0x1F40; 5 blocks,0x1B14|0x1B1C|0x1B30|0x1D54|0x1F0C,taken:0x1B14,unknown,unknown/variable; direct retail reads=+0x04:32-bit-signed,unknown/variable before shared tail; observed deltas=dynamic,resource_free@0x00285D9C|func_00283FA8@0x00285DB0,Rs32@$t0+0x0004|Rs32@0x8022A958|W32@0x8022A958,return,5,5,true,true,true,true,false,3,3
0x80000004,0x00286148,0x8022A178,0x1EC0..0x1EC4; 1 blocks,0x1EC0,tail:post-command,1,1 x 32-bit stream slots; slot signedness unknown; direct retail reads=none isolated,+1 argument slots before shared tail; normal continuation consumes +1 command slot,none,none isolated,post-command,1,2,false,true,true,true,false,0,1
0x80000005,0x00285FEC,0x8022A01C,0x1848..0x1DA4; 4 blocks,0x1848|0x1D64|0x1D7C|0x1D90,fallthrough:0x1D7C|taken:0x1848,1,1 x 32-bit stream slots; slot signedness unknown; direct retail reads=none isolated,+1 argument slots before shared tail; normal continuation consumes +1 command slot,none,Rs32@$v0+0x0004|Ru8@0x8022A99A|W8@0x8022A99A,post-command,4,4,true,true,true,true,false,4,4
0x80000006,0x0028602C,0x8022A05C,0x1DA4..0x1DF8; 6 blocks,0x1DA4|0x1DB4|0x1DC4|0x1DCC|0x1DE8|0x1DF0,fallthrough:0x1DB4|taken:0x1DCC,1,1 x 32-bit stream slots; slot signedness unknown; direct retail reads=none isolated,+1 argument slots before shared tail; normal continuation consumes +1 command slot,func_8023C874@0x00286044|func_8023BF30@0x00286068|func_802396DC@0x00286070,Rs32@$v0+0x0004|Ru8@0x8018FC19|W8@0x8022A960,post-command,6,7,false,true,true,true,false,2,3
0x80000007,0x00286148,0x8022A178,0x1EC0..0x1EC4; 1 blocks,0x1EC0,tail:post-command,1,1 x 32-bit stream slots; slot signedness unknown; direct retail reads=none isolated,+1 argument slots before shared tail; normal continuation consumes +1 command slot,none,none isolated,post-command,1,2,false,true,true,true,false,0,1
0x80000008,0x00286080,0x8022A0B0,0x1DF8..0x1E10; 2 blocks,0x1DF8|0x1E08,fallthrough:0x1E08,2,2 x 32-bit stream slots; slot signedness unknown; direct retail reads=+0x07:8-bit-unsigned|+0x0A:16-bit-unsigned,+2 argument slots before shared tail; normal continuation consumes +1 command slot,func_002A44EC@0x00286088,Ru16@$t0+0x000A|Ru8@$t0+0x0007,post-command,2,2,true,true,true,true,true,0,0
0x80000009,0x00286098,0x8022A0C8,0x1E10..0x1EC4; 6 blocks,0x1E10|0x1E20|0x1E28|0x1E2C|0x1E70|0x1EC0,fallthrough:0x1E20|taken:0x1E2C,4,4 x 32-bit stream slots; slot signedness unknown; direct retail reads=none isolated,+4 argument slots before shared tail; normal continuation consumes +1 command slot,func_0004ecfc@0x002860A8|func_002A7010@0x002860F0,R32@$v0+0x0008|R32@$v0+0x000C|R32@$v0+0x0010|Rs32@$v0+0x0004|Rs32@0x8022A974|Rs8@0x801CFC70|W32@$v1+0x0000|W8@0x801CFC70,post-command,6,5,false,true,true,true,false,3,2
0x8000000A,0x00286110,0x8022A140,0x1E88..0x1EC4; 5 blocks,0x1E88|0x1E9C|0x1EA4|0x1EA8|0x1EC0,fallthrough:0x1E9C|taken:0x1EA8,5,5 x 32-bit stream slots; slot signedness unknown; direct retail reads=none isolated,+5 argument slots before shared tail; normal continuation consumes +1 command slot,func_0004ecfc@0x00286124|func_0029BEF4@0x00286140,Rs32@$v0+0x0004|Rs8@0x801CFC70,post-command,5,4,false,true,true,true,false,5,4
