symbol,category,sourceClass,bytes,method,notApplicable,liftSuccess,explicitRefusal,candidateCount,compiledCandidateObservations,compileAttempted,compilerExited,objectAssembled,scratchContractPassed,scoreableObject,bestVariant,candidateId,score,primaryClass,differingInstructions,differingBytes,cfgExact,stackLayoutExact,expectedRelocationCount,actualRelocationCount,relocationRecordsExact,exactScratchBody,canonicalLinkedProof,fullRomProof,benchmarkMetadataFailure,scratchFailureClass,generationDurationMs,compileDurationMs,failureClass,manualCleanup,cluster,sourceChangedVsDefault,report
func_0012E950,pure-c-tiny-control,PURE_C,24,raw-m2c-old-style,false,true,false,1,0,true,false,false,false,false,default-mips-ido-c,EB6114A370A3EE1420E314552FBBD6667D702D38BBE208562F4223247F81501F,,,,,,,0,,,false,false,false,false,compile-syntax-error,205,137,compile-syntax-error,compile-blocking-cleanup-required,,true,bench-repo/build/matching/runs/4AA7301CBF92362A1C9E9CACE8B2705CC423FE3EA47F2D14DD4E55BB0D162C9E/workbench-report.json
strlen,pure-c-tiny-control,PURE_C,36,raw-m2c-old-style,false,true,false,1,0,true,false,false,false,false,default-mips-ido-c,93F33435D2A79C7E2A98DB4B11FA79B4D15D58433E4FA2864DE5666B3540A604,,,,,,,0,,,false,false,false,false,compile-syntax-error,222,87,compile-syntax-error,compile-blocking-cleanup-required,,true,bench-repo/build/matching/runs/D08077565EDF3A577EAD2F92ABADF98EF579EB5A495B03538DFA40E52DEB2A11/workbench-report.json
func_00284210,pure-c-tiny-control,PURE_C,28,raw-m2c-old-style,false,true,false,1,0,true,false,false,false,false,default-mips-ido-c,6B15FFBFA3021991CB5D9EF974D0A3D9119B700501394C83FDF7C9C43CDAEA1D,,,,,,,1,,,false,false,false,false,compile-syntax-error,234,106,compile-syntax-error,compile-blocking-cleanup-required,,true,bench-repo/build/matching/runs/C1AEB3FAABC532D1214D0F7B53C6173C67C16DFB2DAE54428E6380075FB1A69F/workbench-report.json
func_000143dc,pure-c-tiny-control,PURE_C,32,raw-m2c-old-style,false,true,false,1,0,true,false,false,false,false,default-mips-ido-c,C470ED40A0BD36D3242B0D7038BD5A353F3A6E1F8988A62F9CCBCF4C9D44856B,,,,,,,0,,,false,false,false,false,compile-syntax-error,270,121,compile-syntax-error,compile-blocking-cleanup-required,,true,bench-repo/build/matching/runs/5D0E29099B47DDFEA83F402EC361BEFCF5ACB31E95673D5C9B5A5ACCC42101E2/workbench-report.json
func_000415fc,pure-c-tiny-control,PURE_C,60,raw-m2c-old-style,false,true,false,1,0,true,false,false,false,false,default-mips-ido-c,BE3158954F0556925D452FE315C90B439028309F0C25253C9CFF0A24DAB69E7E,,,,,,,3,,,false,false,false,false,compile-syntax-error,231,149,compile-syntax-error,compile-blocking-cleanup-required,,true,bench-repo/build/matching/runs/951BBD2B1D1737F35BF2FB2AA199976286041114F36AA31EE82B84689F4EC5DB/workbench-report.json
func_001FFA8C,pure-c-tiny-control,PURE_C,68,raw-m2c-old-style,false,true,false,1,0,true,false,false,false,false,default-mips-ido-c,DCD6C74DBAA6F636F3914186FBD6AD2CE93C12424C8641C0DEC276CC9C173EFE,,,,,,,9,,,false,false,false,false,compile-syntax-error,243,151,compile-syntax-error,compile-blocking-cleanup-required,,true,bench-repo/build/matching/runs/331E5F30DE17865610F8BD2E8B0E09E69DDB0A494DD97BB283D9F399034B1126/workbench-report.json
func_000ba8a8,pure-c-medium-control,PURE_C,112,raw-m2c-old-style,false,true,false,1,0,true,false,false,false,false,default-mips-ido-c,FECAA3379CE4B7AFF1832517A0BEA488FF269EBF596D5031B11987B9555C498C,,,,,,,1,,,false,false,false,false,compile-syntax-error,267,154,compile-syntax-error,compile-blocking-cleanup-required,,true,bench-repo/build/matching/runs/41A112FD3B2FCBE06811E04B14C27BC5B1C47613177FB0DF9B18C1BC32D293AD/workbench-report.json
func_002A0804,pure-c-medium-control,PURE_C,188,raw-m2c-old-style,false,true,false,1,0,true,false,false,false,false,default-mips-ido-c,D18612C4CBD9A5A942742EBFD5D190DF3FB016444F3AB123033A4A80BEB0CB51,,,,,,,8,,,false,false,false,false,compile-syntax-error,329,97,compile-syntax-error,compile-blocking-cleanup-required,,true,bench-repo/build/matching/runs/9FA2FB4CEE32B2A52DA1C573FCF1F0CCEE3E35F836AC295A6F65D54AE1F13D78/workbench-report.json
func_000135a0,pure-c-medium-control,PURE_C,196,raw-m2c-old-style,false,true,false,1,0,true,false,false,false,false,default-mips-ido-c,CD5E58460B26C2AEE349A6375CFDD171DC7FA42ECF1A68D65829A830EBE62219,,,,,,,2,,,false,false,false,false,compile-syntax-error,220,89,compile-syntax-error,compile-blocking-cleanup-required,,true,bench-repo/build/matching/runs/61E3372BDC382933015612DF09C94096A4F1C44A7D6921F88771AD85CF8E38D9/workbench-report.json
func_000490ec,pure-c-medium-control,PURE_C,244,raw-m2c-old-style,false,true,false,1,0,true,false,false,false,false,default-mips-ido-c,6490B841B1DCB58D1D719790991DC3D6DF0AA51086171E96DA54BFF18D47509B,,,,,,,7,,,false,false,false,false,compile-syntax-error,270,137,compile-syntax-error,compile-blocking-cleanup-required,,true,bench-repo/build/matching/runs/F4C793424E76DA1E902F0689882B5B091C65462C58DC3762F54591F4DC5DD9C0/workbench-report.json
func_00195410,pure-c-medium-control,PURE_C,316,raw-m2c-old-style,false,true,false,1,0,true,false,false,false,false,default-mips-ido-c,DEC42FD8ED2FC0FC0A8E505930FCD0E6A3FA8033B42F6D8C94EBBE4B6715EA3C,,,,,,,15,,,false,false,false,false,compile-syntax-error,238,142,compile-syntax-error,compile-blocking-cleanup-required,,true,bench-repo/build/matching/runs/6E9452F3F122B9BBB3277ED09B5ED4F7AE8BAE5A943F337D1E402BEC354710CB/workbench-report.json
func_002ABFD4,pure-c-medium-control,PURE_C,328,raw-m2c-old-style,false,true,false,1,0,true,false,false,false,false,default-mips-ido-c,62EE72EC114A59DA7E28AA141773BC0EC52B5FA1214C6771A677E524BF85CF76,,,,,,,40,,,false,false,false,false,compile-type-error,284,124,compile-type-error,compile-blocking-cleanup-required,,true,bench-repo/build/matching/runs/1656F514A90C9116AE0B7425E4B0FA3BAD1F0094D9DDC70CD12976F7DA46E544/workbench-report.json
func_0029D790,pure-c-medium-control,PURE_C,300,raw-m2c-old-style,false,true,false,1,0,true,false,false,false,false,default-mips-ido-c,8D70521855EBA803667A579A172F08D915B8989A369045D4BC92E012D4B2310C,,,,,,,12,,,false,false,false,false,compile-syntax-error,220,96,compile-syntax-error,compile-blocking-cleanup-required,,true,bench-repo/build/matching/runs/0C1B8F94812112B6D5F77A1BAF44381711DB837F2A5C91835FBF26763B02F68C/workbench-report.json
func_00283E14,pure-c-medium-control,PURE_C,404,raw-m2c-old-style,false,false,true,0,0,false,,false,,false,default-mips-ido-c,,,,,,,,22,,,false,false,false,false,,319,,jump-table-unresolved,provider-parser-or-ir-support-required,,true,
func_00283FA8,pure-c-medium-control,PURE_C,424,raw-m2c-old-style,false,true,false,1,0,true,false,false,false,false,default-mips-ido-c,AD2218AC5EE91EA6FDD345E4951D35BDA49EF0BF9AD7804A2EF4C86D57BC76EA,,,,,,,41,,,false,false,false,false,compile-type-error,268,113,compile-type-error,compile-blocking-cleanup-required,,true,bench-repo/build/matching/runs/C442CFEA148699AB08ED77E40E5B4E6D8142A4A20E640BA0953AD0330C4BA346/workbench-report.json
func_0028422C,pure-c-medium-control,PURE_C,92,raw-m2c-old-style,false,true,false,1,0,true,false,false,false,false,default-mips-ido-c,622A6476F48C7E0D67A39BA0B2650DAEC7EB74C94F59BFD107C774C9FD7B823C,,,,,,,17,,,false,false,false,false,compile-syntax-error,283,165,compile-syntax-error,compile-blocking-cleanup-required,,true,bench-repo/build/matching/runs/F2BB73799C7B4F00BE954A444441BF0E7CB189B1C7BB49C4D399F1771ACECC07/workbench-report.json
func_0019554C,pure-c-large-control,PURE_C,644,raw-m2c-old-style,false,true,false,1,0,true,false,false,false,false,default-mips-ido-c,5CDFD3F088559A3BD84B8C59297531EB4BD708B96AC1107F8C355D9AEF5F8E73,,,,,,,31,,,false,false,false,false,compile-type-error,273,167,compile-type-error,compile-blocking-cleanup-required,,true,bench-repo/build/matching/runs/7B97927A1C3D100A8F10CC71A24E1BE892BEBF3B6044B4C03055AA70CEA2E73E/workbench-report.json
func_00047a94,pure-c-large-control,PURE_C,836,raw-m2c-old-style,false,true,false,1,0,true,false,false,false,false,default-mips-ido-c,280AFD374970BF7013DE1ED3C34B82EB65570189EA70D0D0996527D031706103,,,,,,,44,,,false,false,false,false,compile-type-error,268,121,compile-type-error,compile-blocking-cleanup-required,,true,bench-repo/build/matching/runs/FCAA6A271CB829D5E03F7C91FA06F011DF86E4FFE88DCD5E6EC95F86B8CB9C2A/workbench-report.json
func_002827EC,pure-c-large-control,PURE_C,1900,raw-m2c-old-style,false,false,true,0,0,false,,false,,false,default-mips-ido-c,,,,,,,,277,,,false,false,false,false,,287,,jump-table-unresolved,provider-parser-or-ir-support-required,,true,
func_002861C8,exact-hybrid-control,HYBRID_C,636,raw-m2c-old-style,false,false,true,0,0,false,,false,,false,default-mips-ido-c,,,,,,,,12,,,false,false,false,false,,275,,jump-table-unresolved,provider-parser-or-ir-support-required,,true,
func_002a3198,exact-hybrid-control,HYBRID_C,376,raw-m2c-old-style,false,true,false,1,0,true,false,false,false,false,default-mips-ido-c,30D6CCB83A9C747370957A3887BEC1BB7557A26D10A8DE100DC1A25019D14F13,,,,,,,7,,,false,false,false,false,compile-syntax-error,302,149,compile-syntax-error,compile-blocking-cleanup-required,,true,bench-repo/build/matching/runs/99F10B30DCC7768CFD071C48954F35C13716B113216C25B18C697EBE40E999EB/workbench-report.json
func_002A0B14,exact-hybrid-control,HYBRID_C,792,raw-m2c-old-style,false,true,false,1,0,true,false,false,false,false,default-mips-ido-c,8989FFDCC9554D1335BB32F283FA6BE867317D2813DF1F40F36342A82BCD334E,,,,,,,13,,,false,false,false,false,compile-type-error,255,127,compile-type-error,compile-blocking-cleanup-required,,true,bench-repo/build/matching/runs/6BAD3A66A40C95C3E6ED1D70820E695EFF8D28BFFBB7CCA0D37D2E7A90267857/workbench-report.json
func_001957D0,exact-hybrid-control,HYBRID_C,1484,raw-m2c-old-style,false,true,false,1,0,true,false,false,false,false,default-mips-ido-c,1D3B6FC2EAE3335065EE84D6C1AF0B53F8DFC41EB9F4EBD854D70804F7E6A3D2,,,,,,,71,,,false,false,false,false,compile-type-error,319,90,compile-type-error,compile-blocking-cleanup-required,,true,bench-repo/build/matching/runs/F8EED1175F28F0F766C45EA6F4A3A86AB9F757A4B5C2B96F06D715BBA3C22862/workbench-report.json
func_000bc984,exact-hybrid-control,HYBRID_C,524,raw-m2c-old-style,false,true,false,1,0,true,false,false,false,false,default-mips-ido-c,E5974D018BEFE54E896A845D2FA4A6BC3820F52A05CCA595DAA298FB543859AE,,,,,,,9,,,false,false,false,false,compile-syntax-error,253,92,compile-syntax-error,compile-blocking-cleanup-required,,true,bench-repo/build/matching/runs/4DE4079158F835566F0B0FA02B3C7562C78D83B68F5C1CB0FC70C19EAB2D34A9/workbench-report.json
func_001390F0,exact-hybrid-control,HYBRID_C,2848,raw-m2c-old-style,false,false,true,0,0,false,,false,,false,default-mips-ido-c,,,,,,,,170,,,false,false,false,false,,256,,jump-table-unresolved,provider-parser-or-ir-support-required,,true,
func_00284288,unresolved-assembly-stress,ASM_UNRESOLVED,8000,raw-m2c-old-style,false,false,true,0,0,false,,false,,false,default-mips-ido-c,,,,,,,,,,,false,false,false,false,,339,,delay-slot-label,provider-parser-or-ir-support-required,,true,
func_0001299c,unresolved-assembly-stress,ASM_UNRESOLVED,1356,raw-m2c-old-style,false,true,false,1,0,true,false,false,false,false,default-mips-ido-c,8E1935D378B45443407FE5812C4F406827684359096F8700A36BC4EFFDDF486E,,,,,,,,,,false,false,false,false,compile-type-error,306,155,compile-type-error,compile-blocking-cleanup-required,,true,bench-repo/build/matching/runs/1F85727030E56EB06BB64327BD6EC9314FB77268F2EAA130DF1E73B89ADE01E7/workbench-report.json
func_000140cc,unresolved-assembly-stress,ASM_UNRESOLVED,620,raw-m2c-old-style,false,true,false,1,0,true,false,false,false,false,default-mips-ido-c,FD6291B9E5108C25B9F5D3DE5C4DA4F509BE14521F9527DEB13AD9A884B1F192,,,,,,,,,,false,false,false,false,compile-syntax-error,325,168,compile-syntax-error,compile-blocking-cleanup-required,,true,bench-repo/build/matching/runs/0B051340AE1FEB4C48C96D524361959EF287D5939DB208554358695281B3709E/workbench-report.json
func_000114f0,unresolved-assembly-stress,ASM_UNRESOLVED,332,raw-m2c-old-style,false,true,false,1,0,true,false,false,false,false,default-mips-ido-c,94E4AC681742D1BC1A1C8B90650B0154D4DD5E11CF617D9DE66E7995C67A38D7,,,,,,,,,,false,false,false,false,compile-syntax-error,262,90,compile-syntax-error,compile-blocking-cleanup-required,,true,bench-repo/build/matching/runs/2EE46CC1B69AA518860066F6DFF1B0B717BEBFDC4981C13BF29BE681CB20E5DA/workbench-report.json
func_00014408,unresolved-assembly-stress,ASM_UNRESOLVED,296,raw-m2c-old-style,false,true,false,1,0,true,false,false,false,false,default-mips-ido-c,DAD886BD619E47D0B5EA8E3683081DEAEECAEB1856935CDF6A2D6AF8728D40D7,,,,,,,,,,false,false,false,false,compile-syntax-error,251,112,compile-syntax-error,compile-blocking-cleanup-required,,true,bench-repo/build/matching/runs/F0BA498EB3ECB6F5CDFF1DAEA2672B87652B91FCBA4BE82F892921BB6F26DDA1/workbench-report.json
func_002A2674,unresolved-assembly-stress,ASM_UNRESOLVED,100,raw-m2c-old-style,false,true,false,1,0,true,false,false,false,false,default-mips-ido-c,F06065C7A9418166DB36F09BC7BF2E1FEC88F86C80E49E45B46C8E1C72870B69,,,,,,,,,,false,false,false,false,compile-syntax-error,263,130,compile-syntax-error,compile-blocking-cleanup-required,,true,bench-repo/build/matching/runs/B4A5D7A8E65837EFF9BDDC4C09005679B6E03190A8FDD959015BF6E8F356B13D/workbench-report.json
func_00014830,unresolved-assembly-stress,ASM_UNRESOLVED,108,raw-m2c-old-style,false,true,false,1,0,true,false,false,false,false,default-mips-ido-c,AF4A4D0CE0C1B55AD446383D943E168017958B11CC2DBD8122FCC1248DAFD712,,,,,,,,,,false,false,false,false,compile-syntax-error,214,82,compile-syntax-error,compile-blocking-cleanup-required,,true,bench-repo/build/matching/runs/F527AE959080237B176E96AC06D2E9F3FE5BF739BE89F106F49A3563EC74F941/workbench-report.json
func_0001489c,unresolved-assembly-stress,ASM_UNRESOLVED,156,raw-m2c-old-style,false,true,false,1,0,true,false,false,false,false,default-mips-ido-c,FC49E1F6D4DB66BD336E2FB5B8C8374F5D09BE22336FB9F10EB3862DC583F71C,,,,,,,,,,false,false,false,false,compile-syntax-error,209,78,compile-syntax-error,compile-blocking-cleanup-required,,true,bench-repo/build/matching/runs/05C6A078AECDB8C0F55CE230E19863BE22FD08D4CDACD3861EDAE18F10755157/workbench-report.json
func_002A9AD0,unresolved-assembly-stress,ASM_UNRESOLVED,1820,raw-m2c-old-style,false,true,false,1,0,true,false,false,false,false,default-mips-ido-c,EAB2090D1DF557BB3254D89D2726E9AC67757475FBDDA5C033F0BA28DBF6B842,,,,,,,,,,false,false,false,false,compile-syntax-error,280,138,compile-syntax-error,compile-blocking-cleanup-required,,true,bench-repo/build/matching/runs/3D689116DA3D02F1B1596BCB10C48EC4B2C72AC63FCA8CDD910C63FA4C32DE34/workbench-report.json
func_0012E950,pure-c-tiny-control,PURE_C,24,raw-m2c-old-style-current-adapter,false,true,false,1,1,true,true,true,true,true,default-mips-ido-c+current-adapter,855F750CF2C39B17708AAC1004CE76687760133A5B09ECDC00D22BC025519ECB,88.13,opcode-or-expression,5,7,true,true,0,0,true,false,false,false,false,,205,209,opcode-or-expression,source-reconstruction-required,,true,bench-repo/build/matching/runs/DBAEDDCF2684CB8B72C8E382744C57743DD70BFFBCB151682CA86EFFE92B0444/workbench-report.json
strlen,pure-c-tiny-control,PURE_C,36,raw-m2c-old-style-current-adapter,false,true,false,1,1,true,true,true,true,true,default-mips-ido-c+current-adapter,C01362F676CB21E53A259F101A537913CB54C65D6CCB6D80672D5AA50D4984E3,100,exact-bytes,0,0,true,true,0,0,true,true,false,false,false,,222,250,exact-bytes,none-for-scratch-body; linked-proof-still-required,,true,bench-repo/build/matching/runs/A87DBB05BACD24B6E60110F35C8A841DB92C0FD5EF9B9B8945537D248169EBFD/workbench-report.json
func_00284210,pure-c-tiny-control,PURE_C,28,raw-m2c-old-style-current-adapter,false,true,false,1,0,true,false,false,false,false,default-mips-ido-c+current-adapter,6BDE6A9200CC804F4D5F3E27711D17D53434EA2C97B7239325B5471883D9149E,,,,,,,1,,,false,false,false,false,compile-syntax-error,234,117,compile-syntax-error,compile-blocking-cleanup-required,,true,bench-repo/build/matching/runs/57747B13DC8CFCF93836ED9C06A977CC3C0F0EC4A99C5FFF1551C1C3341F9A28/workbench-report.json
func_000143dc,pure-c-tiny-control,PURE_C,32,raw-m2c-old-style-current-adapter,false,true,false,1,0,true,false,false,false,false,default-mips-ido-c+current-adapter,DA6B378BCC7FAC8E7606D590B29A42CE90D3FEF1D821226F61904B26C365318B,,,,,,,0,,,false,false,false,false,compile-failed,270,150,compile-failed,compile-blocking-cleanup-required,,true,bench-repo/build/matching/runs/AB1B64E85F7064048B91003123135489E8F4386931A83B507BED9469E14662B2/workbench-report.json
func_000415fc,pure-c-tiny-control,PURE_C,60,raw-m2c-old-style-current-adapter,false,true,false,1,1,true,true,true,true,true,default-mips-ido-c+current-adapter,8762BD95776D3D08A0C7C61DBAC8B129778CFDD5616211681C7EF4F8CA9CF2F7,56.5,cfg-mismatch,12,26,false,true,3,1,false,false,false,false,false,,231,238,cfg-mismatch,source-reconstruction-required,,true,bench-repo/build/matching/runs/0D298ED1175963657A029FC7BE7E88D27B89FF338912C4D09E0B184B51BE67C3/workbench-report.json
func_001FFA8C,pure-c-tiny-control,PURE_C,68,raw-m2c-old-style-current-adapter,false,true,false,1,0,true,false,false,false,false,default-mips-ido-c+current-adapter,A4D22DD52A914B9C8B643EDEB69CDEA166E3F815F68E02925CAE4C25DF6B61D1,,,,,,,9,,,false,false,false,false,compile-syntax-error,243,139,compile-syntax-error,compile-blocking-cleanup-required,,true,bench-repo/build/matching/runs/4604360418744C7EBDE4280AA4233125FBB16421A99552E99F9352F4997C5C86/workbench-report.json
func_000ba8a8,pure-c-medium-control,PURE_C,112,raw-m2c-old-style-current-adapter,false,true,false,1,0,true,false,false,false,false,default-mips-ido-c+current-adapter,CE6991ADC9F4C7C941297DC4B5155C590D50B6CE00291A491819996247F80FB3,,,,,,,1,,,false,false,false,false,compile-failed,267,164,compile-failed,compile-blocking-cleanup-required,,true,bench-repo/build/matching/runs/AF08A7C60D7961B25D671DCCE1B7B18B03DA2F5595DE3011B6D8D5A939EAC2A2/workbench-report.json
func_002A0804,pure-c-medium-control,PURE_C,188,raw-m2c-old-style-current-adapter,false,true,false,1,0,true,false,false,false,false,default-mips-ido-c+current-adapter,B6301487450B589C7E790C17C9D86353CD2D60EFCAEADCBD52B41938D0468ACD,,,,,,,8,,,false,false,false,false,compile-syntax-error,329,94,compile-syntax-error,compile-blocking-cleanup-required,,true,bench-repo/build/matching/runs/80DA4441070312A8F0014BECBAA03F26FEDB727FC55AFC5AFC8F90121E123EC4/workbench-report.json
func_000135a0,pure-c-medium-control,PURE_C,196,raw-m2c-old-style-current-adapter,false,true,false,1,0,true,false,false,false,false,default-mips-ido-c+current-adapter,7F4EF5D8A745AFE9A58549D1DDDB391AEC26D578116878377F6619E2AC433A58,,,,,,,2,,,false,false,false,false,compile-failed,220,149,compile-failed,compile-blocking-cleanup-required,,true,bench-repo/build/matching/runs/3C531C35C78906EFDB5C0A2A89CF98698C4640ECE555B43C3D554F8BF9BBD7B7/workbench-report.json
func_000490ec,pure-c-medium-control,PURE_C,244,raw-m2c-old-style-current-adapter,false,true,false,1,0,true,false,false,false,false,default-mips-ido-c+current-adapter,BD3FF95AEDD8CFFD4633D9305DEC7F6D4F6603BAE72516E86ED9CDCFD941BAA1,,,,,,,7,,,false,false,false,false,compile-type-error,270,84,compile-type-error,compile-blocking-cleanup-required,,true,bench-repo/build/matching/runs/DA5D44E3A1878AE860C5039383470BDAFE0FE2BE9B4A8572985E88B7093DCD0B/workbench-report.json
func_00195410,pure-c-medium-control,PURE_C,316,raw-m2c-old-style-current-adapter,false,true,false,1,0,true,false,false,false,false,default-mips-ido-c+current-adapter,143E41895AFD88DD8E5D68E48E9FEDEA83E6C36FD342912043E2DC174F43CE61,,,,,,,15,,,false,false,false,false,compile-type-error,238,236,compile-type-error,compile-blocking-cleanup-required,,true,bench-repo/build/matching/runs/61856EFF8092C447C849574A46F2F8821C1D11677882C5FDAA910146A493610B/workbench-report.json
func_002ABFD4,pure-c-medium-control,PURE_C,328,raw-m2c-old-style-current-adapter,false,true,false,1,0,true,false,false,false,false,default-mips-ido-c+current-adapter,77E858AEDA561D283B638A16A2E7FFC1133EEB98774F843D5DF640619B5D2AB4,,,,,,,40,,,false,false,false,false,compile-type-error,284,90,compile-type-error,compile-blocking-cleanup-required,,true,bench-repo/build/matching/runs/C81DD304CECCB2AD6C0FD9734560F1DBBC2CA73DB5C0419F4C27373E40CFF72B/workbench-report.json
func_0029D790,pure-c-medium-control,PURE_C,300,raw-m2c-old-style-current-adapter,false,true,false,1,0,true,false,false,false,false,default-mips-ido-c+current-adapter,F2DA6436E2230EFF9A665937CC4226981205C52BBF1181F689B682811672E318,,,,,,,12,,,false,false,false,false,compile-type-error,220,162,compile-type-error,compile-blocking-cleanup-required,,true,bench-repo/build/matching/runs/6546ABA964402F173E968EC40CDDB2CC867F2AB96EEC5896BA3F694380A824AB/workbench-report.json
func_00283E14,pure-c-medium-control,PURE_C,404,raw-m2c-old-style-current-adapter,false,false,true,0,0,false,,false,,false,default-mips-ido-c+current-adapter,,,,,,,,22,,,false,false,false,false,,319,,jump-table-unresolved,provider-parser-or-ir-support-required,,true,
func_00283FA8,pure-c-medium-control,PURE_C,424,raw-m2c-old-style-current-adapter,false,true,false,1,0,true,false,false,false,false,default-mips-ido-c+current-adapter,F777B9893B990FADF87BD10CB52CD9902B2DA9DA5AE26785C5B4BB8720BB4D50,,,,,,,41,,,false,false,false,false,compile-type-error,268,146,compile-type-error,compile-blocking-cleanup-required,,true,bench-repo/build/matching/runs/5F3CB6F9C8C58259123C8920A26396D8D179C2544DA863E3DACE372B63F10244/workbench-report.json
func_0028422C,pure-c-medium-control,PURE_C,92,raw-m2c-old-style-current-adapter,false,true,false,1,0,true,false,false,false,false,default-mips-ido-c+current-adapter,4F32674F1D1C0C43689342C3FA8444EC5FDCE93A30AEE4B7A85B71689A4D6D08,,,,,,,17,,,false,false,false,false,compile-syntax-error,283,156,compile-syntax-error,compile-blocking-cleanup-required,,true,bench-repo/build/matching/runs/CFE51FAAB38D364877AED2AE32F78402D1803EB777F983C4D5B0468B2A7F3729/workbench-report.json
func_0019554C,pure-c-large-control,PURE_C,644,raw-m2c-old-style-current-adapter,false,true,false,1,0,true,false,false,false,false,default-mips-ido-c+current-adapter,3E3C8EC56FEE2F46BD3BD98416824E35513CC684EE0CD4B4E999B5EFEE23E3A0,,,,,,,31,,,false,false,false,false,compile-type-error,273,92,compile-type-error,compile-blocking-cleanup-required,,true,bench-repo/build/matching/runs/7BB65987F75E4F50BD228FD28C54575C85892A34600D07E91780025A2211E5AA/workbench-report.json
func_00047a94,pure-c-large-control,PURE_C,836,raw-m2c-old-style-current-adapter,false,true,false,1,0,true,false,false,false,false,default-mips-ido-c+current-adapter,C4A641921F696AABD54ABEA7B9BC212491068C874C4A93FA9E6AD3A5722EF0A1,,,,,,,44,,,false,false,false,false,compile-invalid-switch,268,145,compile-invalid-switch,compile-blocking-cleanup-required,,true,bench-repo/build/matching/runs/B11EEC13B30679A317DE915200FBBF17A08DB981D835C84058AB09927CAACA7C/workbench-report.json
func_002827EC,pure-c-large-control,PURE_C,1900,raw-m2c-old-style-current-adapter,false,false,true,0,0,false,,false,,false,default-mips-ido-c+current-adapter,,,,,,,,277,,,false,false,false,false,,287,,jump-table-unresolved,provider-parser-or-ir-support-required,,true,
func_002861C8,exact-hybrid-control,HYBRID_C,636,raw-m2c-old-style-current-adapter,false,false,true,0,0,false,,false,,false,default-mips-ido-c+current-adapter,,,,,,,,12,,,false,false,false,false,,275,,jump-table-unresolved,provider-parser-or-ir-support-required,,true,
func_002a3198,exact-hybrid-control,HYBRID_C,376,raw-m2c-old-style-current-adapter,false,true,false,1,0,true,false,false,false,false,default-mips-ido-c+current-adapter,36C8201B9DFC4952A9E20BC66D6732E94A8B8FBA48A6DEA64F4B3A73D5217A90,,,,,,,7,,,false,false,false,false,compile-syntax-error,302,141,compile-syntax-error,compile-blocking-cleanup-required,,true,bench-repo/build/matching/runs/D6061FFF777BCC3EAFF9864F8CAD4829F5BF3E89768E5A01A965EE5E71668563/workbench-report.json
func_002A0B14,exact-hybrid-control,HYBRID_C,792,raw-m2c-old-style-current-adapter,false,true,false,1,0,true,false,false,false,false,default-mips-ido-c+current-adapter,A6F4A629F008A445217CCBE5CAF71561894FD38B0AB3E43BECD6422F11F818CF,,,,,,,13,,,false,false,false,false,compile-syntax-error,255,96,compile-syntax-error,compile-blocking-cleanup-required,,true,bench-repo/build/matching/runs/29BAF9C3F31A90D0BEC57E2E84BBBD715C70B692CEFD44A215ED5E433801474C/workbench-report.json
func_001957D0,exact-hybrid-control,HYBRID_C,1484,raw-m2c-old-style-current-adapter,false,true,false,1,0,true,false,false,false,false,default-mips-ido-c+current-adapter,AC54B1BD71C776CBC10DA129EFFD7794298464D2D6B0C797CB593A7ACEBA3007,,,,,,,71,,,false,false,false,false,compile-type-error,319,100,compile-type-error,compile-blocking-cleanup-required,,true,bench-repo/build/matching/runs/8E955995BDEF7B87F8575BCA3D4F3B7B04FD098BBE88B3477DDD4A1AB1CBF5C8/workbench-report.json
func_000bc984,exact-hybrid-control,HYBRID_C,524,raw-m2c-old-style-current-adapter,false,true,false,1,0,true,false,false,false,false,default-mips-ido-c+current-adapter,616E5A0B17DCF006BC491045C56E02376CE7FEDBF6CE256906FC5A3C5C304C68,,,,,,,9,,,false,false,false,false,compile-type-error,253,133,compile-type-error,compile-blocking-cleanup-required,,true,bench-repo/build/matching/runs/51012799D3F3AEE9642FABF8E7B5EB5054FB29A86C8E789CAD6597B797D97082/workbench-report.json
func_001390F0,exact-hybrid-control,HYBRID_C,2848,raw-m2c-old-style-current-adapter,false,false,true,0,0,false,,false,,false,default-mips-ido-c+current-adapter,,,,,,,,170,,,false,false,false,false,,256,,jump-table-unresolved,provider-parser-or-ir-support-required,,true,
func_00284288,unresolved-assembly-stress,ASM_UNRESOLVED,8000,raw-m2c-old-style-current-adapter,false,false,true,0,0,false,,false,,false,default-mips-ido-c+current-adapter,,,,,,,,,,,false,false,false,false,,339,,delay-slot-label,provider-parser-or-ir-support-required,,true,
func_0001299c,unresolved-assembly-stress,ASM_UNRESOLVED,1356,raw-m2c-old-style-current-adapter,false,true,false,1,0,true,false,false,false,false,default-mips-ido-c+current-adapter,EF59497DA91AC323FCD122A1661BB8262C6DDD510F94A49CB79220709AA6671E,,,,,,,,,,false,false,false,false,compile-type-error,306,147,compile-type-error,compile-blocking-cleanup-required,,true,bench-repo/build/matching/runs/2D07D8D4CABBC878716F784A4FAA7B104E206B04237FAC9DA4D6725516722DF8/workbench-report.json
func_000140cc,unresolved-assembly-stress,ASM_UNRESOLVED,620,raw-m2c-old-style-current-adapter,false,true,false,1,0,true,false,false,false,false,default-mips-ido-c+current-adapter,03184D0CA58B1BA17B6B06CEDF89C547DFF5C654B4A9346B980369060599CB27,,,,,,,,,,false,false,false,false,compile-syntax-error,325,143,compile-syntax-error,compile-blocking-cleanup-required,,true,bench-repo/build/matching/runs/E29AD5808AA8509FAA2C47308DCAED9EE8F0F9FACD4A735F115CA0CDCB98E7BE/workbench-report.json
func_000114f0,unresolved-assembly-stress,ASM_UNRESOLVED,332,raw-m2c-old-style-current-adapter,false,true,false,1,0,true,false,false,false,false,default-mips-ido-c+current-adapter,16C6A578EDAC7E4BE6DB4A5EAB6F8C3CA0AD1D42FC1C48C5BC900DC166EB8252,,,,,,,,,,false,false,false,false,compile-failed,262,88,compile-failed,compile-blocking-cleanup-required,,true,bench-repo/build/matching/runs/3F02C4FFB34304EB112391FFA752D29453F4CF8F32BB404B8EF678620BA3F14B/workbench-report.json
func_00014408,unresolved-assembly-stress,ASM_UNRESOLVED,296,raw-m2c-old-style-current-adapter,false,true,false,1,0,true,false,false,false,false,default-mips-ido-c+current-adapter,75DCBB0FBCCCD8B2B387E09C4647871EFCC96AA20B28ED4DE1A5CA2C6BF9636E,,,,,,,,,,false,false,false,false,compile-failed,251,94,compile-failed,compile-blocking-cleanup-required,,true,bench-repo/build/matching/runs/B8C576FF76BDA8F7CB4E56CCB889260CF347F0F06CE26C7FAA78122E3C3E7C58/workbench-report.json
func_002A2674,unresolved-assembly-stress,ASM_UNRESOLVED,100,raw-m2c-old-style-current-adapter,false,true,false,1,0,true,false,false,false,false,default-mips-ido-c+current-adapter,7C53F3E1186FED1D151AB60FA59F976CD620E2A7077ED4E5B5A4E88F0B80A4C1,,,,,,,,,,false,false,false,false,compile-failed,263,95,compile-failed,compile-blocking-cleanup-required,,true,bench-repo/build/matching/runs/CF3C2FCE23C0787D4AF7B919AC581C41BA74E5722251B317CF3C2854301AB0ED/workbench-report.json
func_00014830,unresolved-assembly-stress,ASM_UNRESOLVED,108,raw-m2c-old-style-current-adapter,false,true,false,1,0,true,false,false,false,false,default-mips-ido-c+current-adapter,C57F2EE9959CFC07377FD8A560D95C7ECB7C70381678C6195D5AFF438A44B055,,,,,,,,,,false,false,false,false,compile-failed,214,82,compile-failed,compile-blocking-cleanup-required,,true,bench-repo/build/matching/runs/C38529325146BEA900479E24EFFF890526551B7A43EF3F6BE7FF7B1E636974FC/workbench-report.json
func_0001489c,unresolved-assembly-stress,ASM_UNRESOLVED,156,raw-m2c-old-style-current-adapter,false,true,false,1,0,true,false,false,false,false,default-mips-ido-c+current-adapter,6D94B07783CE271A16692CB9E3881C11E05630C4D893F4BE8C774E579AB2DF62,,,,,,,,,,false,false,false,false,compile-failed,209,138,compile-failed,compile-blocking-cleanup-required,,true,bench-repo/build/matching/runs/B18DA5A652AE42594B2A489A0DB6F4F908739D77EF1265857610C50283F49B79/workbench-report.json
func_002A9AD0,unresolved-assembly-stress,ASM_UNRESOLVED,1820,raw-m2c-old-style-current-adapter,false,true,false,1,0,true,false,false,false,false,default-mips-ido-c+current-adapter,4D6565710B029A98782190198D44B4539E059B7B094DFD931F11A308343CC0D7,,,,,,,,,,false,false,false,false,compile-syntax-error,280,103,compile-syntax-error,compile-blocking-cleanup-required,,true,bench-repo/build/matching/runs/0BAAA20360EA895FE85B4B6991528342E99DE905E6C30E170B5D8500FDE1696D/workbench-report.json
func_0012E950,pure-c-tiny-control,PURE_C,24,match-js-default,false,true,false,4,8,true,true,true,true,true,structured-return-flow,43EF474C45A61B24F4B9DCBE680E8E402BB5E483C0F0F6B6CA3EDE3BC619874B,100,exact-bytes,0,0,true,true,0,0,true,true,true,true,false,,657,228,exact-bytes,none-for-scratch-body; linked-proof-still-required,,false,bench-repo/build/matching/runs/41B155D991A67F311CD2CE173A94B64CDBCFEA8B4DFE83B877C4D231FC19958D/workbench-report.json
strlen,pure-c-tiny-control,PURE_C,36,match-js-default,false,true,false,3,8,true,true,true,true,true,structured,64306F707EA21923F4DF19BF2C3A7477DC874BEEA8389CA9DA302BA68DE3787C,100,exact-bytes,0,0,true,true,0,0,true,true,true,true,false,,598,312,exact-bytes,none-for-scratch-body; linked-proof-still-required,,false,bench-repo/build/matching/runs/D1D4459FF15F7BDE0105EEF0FD11F69DD5D901ECE058760C54CE16DB47992C96/workbench-report.json
func_00284210,pure-c-tiny-control,PURE_C,28,match-js-default,false,true,false,3,8,true,true,true,true,true,structured,97BFB7E1AF070CAEB3E0811E09590074BBB4D3274434B762F9FF6841C1A4458F,97.86,immediate-or-signedness,2,4,true,true,1,1,true,false,false,false,false,,691,234,immediate-or-signedness,source-reconstruction-required,,false,bench-repo/build/matching/runs/984DCF87079A521436619A0D45E458B07341BAAF9DBF984A360B98E2BD348947/workbench-report.json
func_000143dc,pure-c-tiny-control,PURE_C,32,match-js-default,false,true,false,4,8,true,true,true,true,true,structured-cursor-steps,36CDCBE14113FAD59B6E396164C80B8E38483C3A8F55A18DBD139BA93326FC99,100,exact-bytes,0,0,true,true,0,0,true,true,true,true,false,,716,241,exact-bytes,none-for-scratch-body; linked-proof-still-required,,false,bench-repo/build/matching/runs/351F2873D11EA0439CC77C43B0775C3B46D4A627F34FDAB976954059A7F03095/workbench-report.json
func_000415fc,pure-c-tiny-control,PURE_C,60,match-js-default,false,true,false,3,8,true,true,true,true,true,structured,81CC26F1140014F97DEF257678EB652EA80E781F37D3D75961756B76AB053996,56.5,cfg-mismatch,12,26,false,true,3,1,false,false,false,false,false,,589,280,cfg-mismatch,source-reconstruction-required,,false,bench-repo/build/matching/runs/A1DD59BDAB7BB6414A670B40DD31828BAA7A67D882C46B3DFDC1416B0F759BA1/workbench-report.json
func_001FFA8C,pure-c-tiny-control,PURE_C,68,match-js-default,false,true,false,3,8,true,true,true,true,true,structured,DC98E8F8168396D72494A16C12FDBCBFFB0E85B022761C70933D0467D489C0D4,89.41,opcode-or-expression,6,12,true,true,9,3,false,false,false,false,false,,582,247,opcode-or-expression,source-reconstruction-required,,false,bench-repo/build/matching/runs/5CC4102D4B545531BC62AF2EFEB0AF2D35B9BC41BD4169A7972403DD161C30C0/workbench-report.json
func_000ba8a8,pure-c-medium-control,PURE_C,112,match-js-default,false,true,false,3,8,true,true,true,true,true,structured,7D27130BA31DE11EAB6C65ABD76E872E359C5BC488F956457A5516C4EC989566,34.29,cfg-mismatch,24,76,false,true,1,2,false,false,false,false,false,,639,273,cfg-mismatch,source-reconstruction-required,,false,bench-repo/build/matching/runs/2F1A106FFE9129721BCFD2F5AA96EBE686EB04702E57B7E669BC9E91545742A3/workbench-report.json
func_002A0804,pure-c-medium-control,PURE_C,188,match-js-default,false,true,false,3,8,true,true,true,true,true,gotos,6CC12716B16FD554AE8AD05BCDA2915B7EFE1B69F954BCF962F31CE7EF736938,43.01,cfg-mismatch,38,101,false,false,8,2,false,false,false,false,false,,594,200,cfg-mismatch,source-reconstruction-required,,false,bench-repo/build/matching/runs/D9A1306DE52181E3A31AD99E4130A4EAE0F0543008C2AC67E42B266E1CA46928/workbench-report.json
func_000135a0,pure-c-medium-control,PURE_C,196,match-js-default,false,true,false,3,8,true,true,true,false,true,structured,4DAD1D4028165D254F039883B233A3E754A96A8996B8A2EDD74F566801347852,29.23,length-mismatch,48,142,false,true,2,2,false,false,false,false,false,compile-failed,650,210,length-mismatch,source-reconstruction-required,,false,bench-repo/build/matching/runs/941C6AF1385036DE2E9A309968908A83396FA16A29786FEEADB0E03B52DA4879/workbench-report.json
func_000490ec,pure-c-medium-control,PURE_C,244,match-js-default,false,true,false,3,8,true,true,true,false,true,structured,AC37CD92AD2430D476C742605552570BCE14BF484279E6E8D3BE3B8BB022C13A,24.63,length-mismatch,64,221,false,false,7,1,false,false,false,false,false,compile-failed,588,173,length-mismatch,source-reconstruction-required,,false,bench-repo/build/matching/runs/BCAA32638D611FF5DE8F0745486B20BC874356A12D413293AC0472972CB0A460/workbench-report.json
func_00195410,pure-c-medium-control,PURE_C,316,match-js-default,false,true,false,3,8,true,true,true,true,true,structured,442D28A1AE0502314AB4ECB2E39F6378086B6EF29FAA38977D5C3ED58193BD68,63.66,cfg-mismatch,28,83,false,false,15,9,false,false,false,false,false,,739,192,cfg-mismatch,source-reconstruction-required,,false,bench-repo/build/matching/runs/331C8FA9D1B6984EE2E83FC4F7CA833F09BFAE9225419F40CFBDD95CF1D42579/workbench-report.json
func_002ABFD4,pure-c-medium-control,PURE_C,328,match-js-default,false,true,false,3,8,true,true,true,true,true,gotos,DDD1FC990772DBC812EDB0C77EDE9B979FBE7B9F64B465C39260FFFF1EFA0A99,66.63,cfg-mismatch,23,75,false,true,40,14,false,false,false,false,false,,664,241,cfg-mismatch,source-reconstruction-required,,false,bench-repo/build/matching/runs/A3CADD7B06CCBD2783209CFA028A2A45F49900F4FC0A6D469748C87B18BE7DC7/workbench-report.json
func_0029D790,pure-c-medium-control,PURE_C,300,match-js-default,false,true,false,3,8,true,true,true,false,true,structured,1676D9A89635F57020373F3D288F141872A102075B235B341930E7302ABDABE6,33.89,length-mismatch,79,238,false,false,12,4,false,false,false,false,false,compile-failed,582,155,length-mismatch,source-reconstruction-required,,false,bench-repo/build/matching/runs/6C3513C549A34E471E8EEC0F88303A15084637E2F2891A48D8F41B5A7B7CECB4/workbench-report.json
func_00283E14,pure-c-medium-control,PURE_C,404,match-js-default,false,true,false,3,0,true,false,false,false,false,structured,8AEFC02FFC366F7B5B16E887555E76324D594DA5E21E77841A32CB8928E105B7,,,,,,,22,,,false,false,false,false,compile-type-error,745,74,compile-type-error,compile-blocking-cleanup-required,,false,bench-repo/build/matching/runs/A30754770F62F97D05AE0DBDFDF9DEDE9C8C26A44D43678441E630516F0979E6/workbench-report.json
func_00283FA8,pure-c-medium-control,PURE_C,424,match-js-default,false,true,false,3,8,true,true,true,false,true,gotos,8D1B9F5EDFD93BC15EE74A6F51489A72781E53EA2C151B1F068D5319FFE4BC93,43.91,length-mismatch,79,247,false,false,41,15,false,false,false,false,false,compile-failed,748,140,length-mismatch,source-reconstruction-required,,false,bench-repo/build/matching/runs/584DE1C22DE03A96E583915136075D026A21A29F5DE74A41D76873E0E30E6759/workbench-report.json
func_0028422C,pure-c-medium-control,PURE_C,92,match-js-default,false,true,false,3,8,true,true,true,true,true,structured,4658D392213DE2522F1E1B4C7F9ABA546F1C160EC5F7BD704FE9BA078DC75EDA,34.73,cfg-mismatch,21,67,false,false,17,1,false,false,false,false,false,,668,271,cfg-mismatch,source-reconstruction-required,,false,bench-repo/build/matching/runs/5206D79AFA9672080FC1082651C7328D804E5F4312B3903683EAC90C08B57BD4/workbench-report.json
func_0019554C,pure-c-large-control,PURE_C,644,match-js-default,false,true,false,3,0,true,false,false,false,false,structured,9EC41C44424898641D96A27972A4E2192036C91DF60D6D86AFCFBBD01FBFA057,,,,,,,31,,,false,false,false,false,compile-failed,679,82,compile-failed,compile-blocking-cleanup-required,,false,bench-repo/build/matching/runs/1C3C509B21182B850824C625CAB90B8BAC59FD460D2C80691B56937E99B5106E/workbench-report.json
func_00047a94,pure-c-large-control,PURE_C,836,match-js-default,false,true,false,3,0,true,false,false,false,false,structured,5B8BB3AF2C44312B338E83B4F9FD34CF1585378222A9E5932CADE26B5AE2E6E6,,,,,,,44,,,false,false,false,false,compile-invalid-switch,720,89,compile-invalid-switch,compile-blocking-cleanup-required,,false,bench-repo/build/matching/runs/9E1F564858FA7D9E43B37F7CFC5A2CB178C783CEB453E16B5223DFF73D03F25A/workbench-report.json
func_002827EC,pure-c-large-control,PURE_C,1900,match-js-default,false,true,false,3,7,true,true,true,false,true,structured,EB619EF3C5831C58748BAC989505CA2CE4376A76A8B3C7DEA45D94201B7A4EC0,15.09,length-mismatch,473,1765,false,false,277,56,false,false,false,false,false,compile-failed,867,137,length-mismatch,source-reconstruction-required,,false,bench-repo/build/matching/runs/833880AB1A431222A4C57C09A21E33D89DCBAE696BACDDF995B60F85A9B28C47/workbench-report.json
func_002861C8,exact-hybrid-control,HYBRID_C,636,match-js-default,false,true,false,3,0,true,false,false,false,false,structured,6B6DBAB339CD0472C4B6569A1358DE5C94663FCB8B8FFCC71D02C0E3A315EEA1,,,,,,,12,,,false,false,false,false,compile-syntax-error,711,76,compile-syntax-error,compile-blocking-cleanup-required,,false,bench-repo/build/matching/runs/161035F24899D0315EB3425339D34ED94B740F5278A24C006F8FE6B5E6837214/workbench-report.json
func_002a3198,exact-hybrid-control,HYBRID_C,376,match-js-default,false,true,false,3,0,true,false,false,false,false,structured,4BBD01E5BBB426C21D77B200E2C9A602279F18F46631DFD26C5CECACC0159A60,,,,,,,7,,,false,false,false,false,compile-type-error,606,82,compile-type-error,compile-blocking-cleanup-required,,false,bench-repo/build/matching/runs/F9DB95D3FF748357ED0D732B72E048130B4BC3E5B20B6A3491EC1EF34811A2B4/workbench-report.json
func_002A0B14,exact-hybrid-control,HYBRID_C,792,match-js-default,false,true,false,3,8,true,true,true,false,true,structured,BB012DF3EDF80877C387614341DF20BE3854AA578798E6BBB36D7C0EB08348F4,9.51,length-mismatch,196,734,false,false,13,4,false,false,false,false,false,compile-failed,764,151,length-mismatch,source-reconstruction-required,,false,bench-repo/build/matching/runs/6ED24F4A5574923C7C1021DA0B8D7C561187798259E7BBAEBC7DA08F8B69531C/workbench-report.json
func_001957D0,exact-hybrid-control,HYBRID_C,1484,match-js-default,false,true,false,3,0,true,false,false,false,false,structured,1CAB37EA9B98AD4AE69DAB7EF62EBAD1BE8C111E1AAC2452E5FD377A2B99ADD1,,,,,,,71,,,false,false,false,false,compile-undeclared-symbol,866,84,compile-undeclared-symbol,compile-blocking-cleanup-required,,false,bench-repo/build/matching/runs/20A26703E09B67467B6AE447DDD17C919D493F5858B41ADF37EB6A8966F6E66A/workbench-report.json
func_000bc984,exact-hybrid-control,HYBRID_C,524,match-js-default,false,true,false,3,8,true,true,true,false,true,gotos,666C224FEBE250230C7853CDD26445A4E57FD598A3B6D31AB5592F92304D68AD,23.9,length-mismatch,127,417,false,true,9,4,false,false,false,false,false,compile-failed,740,162,length-mismatch,source-reconstruction-required,,false,bench-repo/build/matching/runs/FEEC8CB3C3E90A34593A4E0328BFB81222910C3E4402BDFD988DF634657449F2/workbench-report.json
func_001390F0,exact-hybrid-control,HYBRID_C,2848,match-js-default,false,true,false,3,0,true,false,false,false,false,structured,B12FAEB73D06B0C29E12716649EEDA3BB2664DFA1831A2D68E97453C0ABA4BC4,,,,,,,170,,,false,false,false,false,compile-type-error,1132,81,compile-type-error,compile-blocking-cleanup-required,,false,bench-repo/build/matching/runs/9A953AD9CA39083E89A04CA071D4AD3862567B77FB32E67A9DA4AE044F39B577/workbench-report.json
func_00284288,unresolved-assembly-stress,ASM_UNRESOLVED,8000,match-js-default,false,true,false,3,0,true,false,false,false,false,structured,7106F94F2491D21B679B38FE62E2CF0C50B339E50BDBCCCCF3BDA41DE519DBC0,,,,,,,,,,false,false,false,false,compile-type-error,2953,153,compile-type-error,compile-blocking-cleanup-required,,false,bench-repo/build/matching/runs/CC1B863EF1BF9662D238A6F4A26FF92272B43D405BB5F0A4DD2A40D49E49B7E1/workbench-report.json
func_0001299c,unresolved-assembly-stress,ASM_UNRESOLVED,1356,match-js-default,false,true,false,3,0,true,false,false,false,false,structured,CDA589B1E9E36E2FCFBF876933C48A80D4716966D9FD0D76835D0A540927EF49,,,,,,,,,,false,false,false,false,compile-type-error,766,90,compile-type-error,compile-blocking-cleanup-required,,false,bench-repo/build/matching/runs/CB2A9B862CC38892A5F67E3EBD22EFC28C13AEC039A0CB3DC307A99D98366073/workbench-report.json
func_000140cc,unresolved-assembly-stress,ASM_UNRESOLVED,620,match-js-default,false,true,false,3,0,true,false,false,false,false,structured,054D3B3D55953D413E9B0981FE3DF3F93603314D90E3D8A4868061F65D0B6897,,,,,,,,,,false,false,false,false,compile-failed,701,85,compile-failed,compile-blocking-cleanup-required,,false,bench-repo/build/matching/runs/D3EF59544C3F961D861BD0BE3A7FF0A488E0CF7C733D5F09563128D05D31BDC9/workbench-report.json
func_000114f0,unresolved-assembly-stress,ASM_UNRESOLVED,332,match-js-default,false,true,false,3,8,true,true,true,false,true,structured,EF64839FB16AB526B8D29800E74478B67D9198DABB3B782B8B958BAEF8521FC5,20.02,length-mismatch,81,277,false,true,0,0,true,false,false,false,false,compile-failed,648,153,length-mismatch,source-reconstruction-required,,false,bench-repo/build/matching/runs/2830911523DE64EB54C4841DFAC50359973A4489E264195ED80965EC3617DE48/workbench-report.json
func_00014408,unresolved-assembly-stress,ASM_UNRESOLVED,296,match-js-default,false,true,false,3,8,true,true,true,false,true,structured,48201ACAD87A816AF0F9163600CD9A1ADCBFEFF6ECD6E117965A1FC78733CB9F,18.9,length-mismatch,72,243,false,true,0,0,true,false,false,false,false,compile-failed,643,131,length-mismatch,source-reconstruction-required,,false,bench-repo/build/matching/runs/961416FB30D14EF5CFE7DE04AA0CE5C4F5E1ACBA9415C0FA6213B4217B73EF9C/workbench-report.json
func_002A2674,unresolved-assembly-stress,ASM_UNRESOLVED,100,match-js-default,false,true,false,3,8,true,true,true,true,true,gotos,E81BB6F14220792D03A95164FF30CBD88EBC5F2C07438544E0FC6501CD56D8E9,32.4,cfg-mismatch,21,68,false,true,0,2,false,false,false,false,false,,568,314,cfg-mismatch,source-reconstruction-required,,false,bench-repo/build/matching/runs/1654D55A37DDEDE9A5E41CFE04984551A1F7D88ACAB9AB54FBEEE4883F2AA9A2/workbench-report.json
func_00014830,unresolved-assembly-stress,ASM_UNRESOLVED,108,match-js-default,false,true,false,3,8,true,true,true,false,true,structured,17ABE0928520063BBCECD15276EA03F660A4A520CB6413F9461FC8B1F7CBED51,17.78,length-mismatch,27,96,false,true,0,0,true,false,false,false,false,compile-failed,626,146,length-mismatch,source-reconstruction-required,,false,bench-repo/build/matching/runs/8BE13EC82E1132B459AE541CB791E77461F8D4B86D3C2D6813A84B2C36EB936C/workbench-report.json
func_0001489c,unresolved-assembly-stress,ASM_UNRESOLVED,156,match-js-default,false,true,false,3,8,true,true,true,true,true,structured,DCEFF9BB6C2A508500463516164B71A49867ECC45BAC1784CBF396528C04FCC0,21.83,cfg-mismatch,38,133,false,true,0,0,true,false,false,false,false,,573,205,cfg-mismatch,source-reconstruction-required,,false,bench-repo/build/matching/runs/5E86E8D80A6015B7FCD40907FE9824F798C3877F6380CF08C444D6121C94FC1D/workbench-report.json
func_002A9AD0,unresolved-assembly-stress,ASM_UNRESOLVED,1820,match-js-default,false,true,false,3,8,true,true,true,false,true,gotos,BE2E5F42CE69E762477D0A34613855B9640470D319D5A581F5A2B3AE29583E28,8.12,length-mismatch,450,1723,false,false,0,21,false,false,false,false,false,compile-failed,820,164,length-mismatch,source-reconstruction-required,,false,bench-repo/build/matching/runs/794E7F7141DF395BA7446B709886114BD4A241FB0A682C5DDBD1C89E5541DB6F/workbench-report.json
func_0012E950,pure-c-tiny-control,PURE_C,24,match-js-with-context,false,true,false,4,8,true,true,true,true,true,structured-return-flow,43EF474C45A61B24F4B9DCBE680E8E402BB5E483C0F0F6B6CA3EDE3BC619874B,100,exact-bytes,0,0,true,true,0,0,true,true,true,true,false,,661,228,exact-bytes,none-for-scratch-body; linked-proof-still-required,,false,bench-repo/build/matching/runs/41B155D991A67F311CD2CE173A94B64CDBCFEA8B4DFE83B877C4D231FC19958D/workbench-report.json
strlen,pure-c-tiny-control,PURE_C,36,match-js-with-context,false,true,false,3,8,true,true,true,true,true,structured,46160EBD85D37AB29807C92DCDD2F4C6A931DD1A3323F8E7F1A5144959D4BCB6,89.17,opcode-or-expression,2,2,true,true,0,0,true,false,false,false,false,,625,266,opcode-or-expression,source-reconstruction-required,,true,bench-repo/build/matching/runs/4706878F88924E31874910C4617F852C1BF69FAA1D27ADC1B23989C750D9BFDE/workbench-report.json
func_00284210,pure-c-tiny-control,PURE_C,28,match-js-with-context,false,true,false,3,8,true,true,true,true,true,structured,AA16A3CDACEB42450D2AE9CB31AF7D3BB9DB3AB624C9FCC492A163FCD044AFAB,90.36,opcode-or-expression,2,6,true,true,1,1,true,false,false,false,false,,677,191,opcode-or-expression,source-reconstruction-required,,true,bench-repo/build/matching/runs/71FEE2457498BF142414E057BB726A6DBEE4645C4B1E6F08CDD51FE74C24021D/workbench-report.json
func_000143dc,pure-c-tiny-control,PURE_C,32,match-js-with-context,false,true,false,3,8,true,true,true,false,true,structured,9C837B7EFF2604CDE0AD3B2BFBF3984E4103D4F60296CB306B7B46B0418A07C0,23.91,length-mismatch,7,21,false,true,0,0,true,false,false,false,false,compile-failed,715,181,length-mismatch,source-reconstruction-required,,true,bench-repo/build/matching/runs/3059404BDCD9BC1B8A52E92697413117702A983F63AA01AB8733A0E8566A6D56/workbench-report.json
func_000415fc,pure-c-tiny-control,PURE_C,60,match-js-with-context,false,true,false,3,8,true,true,true,false,true,structured,C9C882C6623C90105EA793ED45D664BFD33F1300A16FCE5BDE2BD6A4ADB6D6B1,22.75,length-mismatch,14,49,false,true,3,1,false,false,false,false,false,compile-failed,597,150,length-mismatch,source-reconstruction-required,,true,bench-repo/build/matching/runs/8EDDCF2169A2172F89A0B0D6F22D770288EA2009563BE3C1BBB10655B37AA535/workbench-report.json
func_001FFA8C,pure-c-tiny-control,PURE_C,68,match-js-with-context,false,true,false,3,8,true,true,true,true,true,structured,DC98E8F8168396D72494A16C12FDBCBFFB0E85B022761C70933D0467D489C0D4,89.41,opcode-or-expression,6,12,true,true,9,3,false,false,false,false,false,,579,247,opcode-or-expression,source-reconstruction-required,,false,bench-repo/build/matching/runs/5CC4102D4B545531BC62AF2EFEB0AF2D35B9BC41BD4169A7972403DD161C30C0/workbench-report.json
func_000ba8a8,pure-c-medium-control,PURE_C,112,match-js-with-context,false,true,false,3,8,true,true,true,false,true,structured,F57D90CE1133B286BA7E32F339554CAE168BF223382B5A312D8397D106A9AE4E,21.16,length-mismatch,28,98,false,true,1,2,false,false,false,false,false,compile-failed,643,179,length-mismatch,source-reconstruction-required,,true,bench-repo/build/matching/runs/3D6CA92D53A99E963A41F1B6E50D6F9355A907BBB6EAC55C429F5D9DCA176521/workbench-report.json
func_002A0804,pure-c-medium-control,PURE_C,188,match-js-with-context,false,true,false,3,8,true,true,true,false,true,gotos,E335819F5F27BF19685D97AE646954B17E7FFAF7552A75ABB74BBB607284A98D,35.92,length-mismatch,43,125,false,false,8,2,false,false,false,false,false,compile-failed,608,201,length-mismatch,source-reconstruction-required,,true,bench-repo/build/matching/runs/7013587EF6C3D9513D46B2E052C1F6A93C8290B3CF3AF521139108129D62E7FE/workbench-report.json
func_000135a0,pure-c-medium-control,PURE_C,196,match-js-with-context,false,true,false,3,8,true,true,true,false,true,structured,CB5131A284101AD476069EF6EC88E659868B764F73DEADCEDD92A9048362C087,29.23,length-mismatch,48,142,false,true,2,2,false,false,false,false,false,compile-failed,679,191,length-mismatch,source-reconstruction-required,,true,bench-repo/build/matching/runs/890E244D4CA600FA9A615C43FD50C694DA6E382017097956254DD647B16EE1FA/workbench-report.json
func_000490ec,pure-c-medium-control,PURE_C,244,match-js-with-context,false,true,false,3,8,true,true,true,false,true,structured,AC37CD92AD2430D476C742605552570BCE14BF484279E6E8D3BE3B8BB022C13A,24.63,length-mismatch,64,221,false,false,7,1,false,false,false,false,false,compile-failed,607,173,length-mismatch,source-reconstruction-required,,false,bench-repo/build/matching/runs/BCAA32638D611FF5DE8F0745486B20BC874356A12D413293AC0472972CB0A460/workbench-report.json
func_00195410,pure-c-medium-control,PURE_C,316,match-js-with-context,false,true,false,3,8,true,true,true,false,true,structured,7E5647D2625274D52750E1FB2973EADA985C2939BFDDBDA5419B0A6FB47601D6,55.08,length-mismatch,63,145,false,false,15,9,false,false,false,false,false,compile-failed,725,189,length-mismatch,source-reconstruction-required,,true,bench-repo/build/matching/runs/00455F24A4E2226F25803E1B7A7E08046DD750EC4DFBFAAAD6B2655B3DC854BA/workbench-report.json
func_002ABFD4,pure-c-medium-control,PURE_C,328,match-js-with-context,false,true,false,3,8,true,true,true,true,true,gotos,DDD1FC990772DBC812EDB0C77EDE9B979FBE7B9F64B465C39260FFFF1EFA0A99,66.63,cfg-mismatch,23,75,false,true,40,14,false,false,false,false,false,,641,241,cfg-mismatch,source-reconstruction-required,,false,bench-repo/build/matching/runs/A3CADD7B06CCBD2783209CFA028A2A45F49900F4FC0A6D469748C87B18BE7DC7/workbench-report.json
func_0029D790,pure-c-medium-control,PURE_C,300,match-js-with-context,false,true,false,3,8,true,true,true,false,true,structured,7575ED4EF3A36411CB3DCE60E22F9290E8DA667FE31D25C9BCEE95B6ED189CB7,33.89,length-mismatch,79,238,false,false,12,4,false,false,false,false,false,compile-failed,586,199,length-mismatch,source-reconstruction-required,,true,bench-repo/build/matching/runs/B06A03868F18D9B97BCAB195A6E7F2EB62A27D5AE3DBC6726774D852362209C5/workbench-report.json
func_00283E14,pure-c-medium-control,PURE_C,404,match-js-with-context,false,true,false,3,0,true,false,false,false,false,structured,8AEFC02FFC366F7B5B16E887555E76324D594DA5E21E77841A32CB8928E105B7,,,,,,,22,,,false,false,false,false,compile-type-error,730,74,compile-type-error,compile-blocking-cleanup-required,,false,bench-repo/build/matching/runs/A30754770F62F97D05AE0DBDFDF9DEDE9C8C26A44D43678441E630516F0979E6/workbench-report.json
func_00283FA8,pure-c-medium-control,PURE_C,424,match-js-with-context,false,true,false,3,8,true,true,true,false,true,gotos,6FCB9E11223986216DF3DEDBC223A2C94001CC4022086D0C9F3A036C85DC9BCB,43.91,length-mismatch,79,247,false,false,41,15,false,false,false,false,false,compile-failed,646,211,length-mismatch,source-reconstruction-required,,true,bench-repo/build/matching/runs/FBD08B69960A4CB1F485037F940C625F52324A818B3295C7418CE2D3E1AA3A3B/workbench-report.json
func_0028422C,pure-c-medium-control,PURE_C,92,match-js-with-context,false,true,false,3,8,true,true,true,true,true,structured,4658D392213DE2522F1E1B4C7F9ABA546F1C160EC5F7BD704FE9BA078DC75EDA,34.73,cfg-mismatch,21,67,false,false,17,1,false,false,false,false,false,,580,271,cfg-mismatch,source-reconstruction-required,,false,bench-repo/build/matching/runs/5206D79AFA9672080FC1082651C7328D804E5F4312B3903683EAC90C08B57BD4/workbench-report.json
func_0019554C,pure-c-large-control,PURE_C,644,match-js-with-context,false,true,false,3,0,true,false,false,false,false,structured,3A38D6E531D88558D9CFB6822A0273F58B6BA17314A22A93A8A07637F44A854C,,,,,,,31,,,false,false,false,false,compile-failed,735,97,compile-failed,compile-blocking-cleanup-required,,true,bench-repo/build/matching/runs/F34C2D612C55F93843FF76C00EF0D9B8B328C467A0DCD37B40C471B03BA79151/workbench-report.json
func_00047a94,pure-c-large-control,PURE_C,836,match-js-with-context,false,true,false,3,0,true,false,false,false,false,structured,DB88D2CAE8C332BAA047519F9A172CE71DC2927EE41F855E8D82BDC471ED2730,,,,,,,44,,,false,false,false,false,compile-invalid-switch,766,82,compile-invalid-switch,compile-blocking-cleanup-required,,true,bench-repo/build/matching/runs/1D3AEDFAED290ED8FBBC8A0030676CFF4D71BA87B4D178F4C8393375F78FF260/workbench-report.json
func_002827EC,pure-c-large-control,PURE_C,1900,match-js-with-context,false,true,false,3,0,true,false,false,false,false,structured,D58F2A62B6EC1729F58718BF4BBCC1C94CC5C0A8593265003FA076E5AD6835B9,,,,,,,277,,,false,false,false,false,compile-undeclared-symbol,857,134,compile-undeclared-symbol,compile-blocking-cleanup-required,,true,bench-repo/build/matching/runs/74AEFAA634ED03D16D8C68887E7D067A7F5F0CE7E97FB1D148FFC3D76DA6B879/workbench-report.json
func_002861C8,exact-hybrid-control,HYBRID_C,636,match-js-with-context,false,true,false,3,0,true,false,false,false,false,structured,5F297CE3CAF35467006B7586B846CECE3BCE0ACA47D3D7D5B3C6F374C15C4C35,,,,,,,12,,,false,false,false,false,compile-syntax-error,623,85,compile-syntax-error,compile-blocking-cleanup-required,,true,bench-repo/build/matching/runs/54BB01E830714E83CC4D806776D3B534D3676329B72D07DE8BFAE653431F3F9B/workbench-report.json
func_002a3198,exact-hybrid-control,HYBRID_C,376,match-js-with-context,false,true,false,3,0,true,false,false,false,false,structured,4DB4D26CA351E2F882AF84C87A3C61304CD918ACF449EC5B0523264F8A672F74,,,,,,,7,,,false,false,false,false,compile-type-error,686,136,compile-type-error,compile-blocking-cleanup-required,,true,bench-repo/build/matching/runs/D82040B0723A7F9ECFA0C31A27390E3B0D4EF690BED348EA3C4696BE6ED78149/workbench-report.json
func_002A0B14,exact-hybrid-control,HYBRID_C,792,match-js-with-context,false,true,false,3,8,true,true,true,false,true,structured,E5DBBCF7E21C2CE54886CB2A2559F369B077A9575F9DAAE29627B174754CEE70,9.41,length-mismatch,197,735,false,false,13,4,false,false,false,false,false,compile-failed,707,204,length-mismatch,source-reconstruction-required,,true,bench-repo/build/matching/runs/3549AF33AADD07F5F483584CDD59D2B60DB94D6A6C052B8612F9C82E7D2335EF/workbench-report.json
func_001957D0,exact-hybrid-control,HYBRID_C,1484,match-js-with-context,false,true,false,3,0,true,false,false,false,false,structured,CF993D0D2A7EF04C137DD91F5546213654C9189AF7DE412256ED9B672C1958AA,,,,,,,71,,,false,false,false,false,compile-undeclared-symbol,936,108,compile-undeclared-symbol,compile-blocking-cleanup-required,,true,bench-repo/build/matching/runs/B2EF298060AF0966603E77AB4416A693521E4CC2A1A2F98E7F9B89CE4716BC78/workbench-report.json
func_000bc984,exact-hybrid-control,HYBRID_C,524,match-js-with-context,false,true,false,3,8,true,true,true,false,true,gotos,4F5614C466D9ED1052FE20191ABF3F518CD3DC4355AEAFB4572E79F82FBAC0B3,18.21,length-mismatch,130,452,false,true,9,4,false,false,false,false,false,compile-failed,754,198,length-mismatch,source-reconstruction-required,,true,bench-repo/build/matching/runs/6916A931F80829272E4D2EF9AAF8E772DF9505722AEE7C571BC37343AEB3A014/workbench-report.json
func_001390F0,exact-hybrid-control,HYBRID_C,2848,match-js-with-context,false,true,false,3,0,true,false,false,false,false,structured,B12FAEB73D06B0C29E12716649EEDA3BB2664DFA1831A2D68E97453C0ABA4BC4,,,,,,,170,,,false,false,false,false,compile-type-error,1147,81,compile-type-error,compile-blocking-cleanup-required,,false,bench-repo/build/matching/runs/9A953AD9CA39083E89A04CA071D4AD3862567B77FB32E67A9DA4AE044F39B577/workbench-report.json
func_00284288,unresolved-assembly-stress,ASM_UNRESOLVED,8000,match-js-with-context,false,true,false,3,0,true,false,false,false,false,structured,7106F94F2491D21B679B38FE62E2CF0C50B339E50BDBCCCCF3BDA41DE519DBC0,,,,,,,,,,false,false,false,false,compile-type-error,2907,153,compile-type-error,compile-blocking-cleanup-required,,false,bench-repo/build/matching/runs/CC1B863EF1BF9662D238A6F4A26FF92272B43D405BB5F0A4DD2A40D49E49B7E1/workbench-report.json
func_0001299c,unresolved-assembly-stress,ASM_UNRESOLVED,1356,match-js-with-context,false,true,false,3,0,true,false,false,false,false,structured,65261B94CE7ECA2E8E4B45543AD0E77E5289D63D664D9E123F76ED0C1F7EAD76,,,,,,,,,,false,false,false,false,compile-type-error,852,130,compile-type-error,compile-blocking-cleanup-required,,true,bench-repo/build/matching/runs/B838EE1A6DFA15AE7DE8D22031572A6F67352C200282A8A0798C612C53E37E8F/workbench-report.json
func_000140cc,unresolved-assembly-stress,ASM_UNRESOLVED,620,match-js-with-context,false,true,false,3,0,true,false,false,false,false,structured,44FEEE294368C0B1BE02F98C39911809F13A6ACB4EF04738ADBFA10610E413F2,,,,,,,,,,false,false,false,false,compile-failed,674,147,compile-failed,compile-blocking-cleanup-required,,true,bench-repo/build/matching/runs/0670A337A5CD5CC5A8278C7694633EEE217F2BC55EECC675AD3175C944028665/workbench-report.json
func_000114f0,unresolved-assembly-stress,ASM_UNRESOLVED,332,match-js-with-context,false,true,false,3,8,true,true,true,false,true,structured,33BF63B271B0EF8A35C982B57B24713E93A99BF491747E71DAB310983D7D7790,19.34,length-mismatch,81,272,false,true,0,0,true,false,false,false,false,compile-failed,592,213,length-mismatch,source-reconstruction-required,,true,bench-repo/build/matching/runs/E39C85F148060BE32D05AC87081608335626A225055C52B65CAE156F7763D79D/workbench-report.json
func_00014408,unresolved-assembly-stress,ASM_UNRESOLVED,296,match-js-with-context,false,true,false,3,8,true,true,true,false,true,structured,661BA2A71E65D5522890B12C7014DF95E03D5E8FE09B272D7B918E198517EFE3,18.65,length-mismatch,72,244,false,true,0,0,true,false,false,false,false,compile-failed,637,152,length-mismatch,source-reconstruction-required,,true,bench-repo/build/matching/runs/AF037986E2D2D6B5722B8028B29893764FF825FED810D9044141E1185F6CA08B/workbench-report.json
func_002A2674,unresolved-assembly-stress,ASM_UNRESOLVED,100,match-js-with-context,false,true,false,3,8,true,true,true,true,true,gotos,E81BB6F14220792D03A95164FF30CBD88EBC5F2C07438544E0FC6501CD56D8E9,32.4,cfg-mismatch,21,68,false,true,0,2,false,false,false,false,false,,572,314,cfg-mismatch,source-reconstruction-required,,false,bench-repo/build/matching/runs/1654D55A37DDEDE9A5E41CFE04984551A1F7D88ACAB9AB54FBEEE4883F2AA9A2/workbench-report.json
func_00014830,unresolved-assembly-stress,ASM_UNRESOLVED,108,match-js-with-context,false,true,false,3,8,true,true,true,false,true,structured,8EBB4DB257186874BD7F7FD0BF13320988304A904F2D53908AE13DEF76FAF379,17.78,length-mismatch,27,96,false,true,0,0,true,false,false,false,false,compile-failed,616,196,length-mismatch,source-reconstruction-required,,true,bench-repo/build/matching/runs/6C227D7408DF6834D3F70607994A08E3758E988E93E62783A6FC751042C179D0/workbench-report.json
func_0001489c,unresolved-assembly-stress,ASM_UNRESOLVED,156,match-js-with-context,false,true,false,3,8,true,true,true,false,true,structured,A39E4C4422D7794A60EE7646563E59E9A8C251828A6392FDE838BF0EB6A39471,30.58,length-mismatch,38,118,false,true,0,0,true,false,false,false,false,compile-failed,626,151,length-mismatch,source-reconstruction-required,,true,bench-repo/build/matching/runs/43547352C2E6C52F4A42EAF11DAABD887FA79C5DF7F853F1FB09AE956BF14FC8/workbench-report.json
func_002A9AD0,unresolved-assembly-stress,ASM_UNRESOLVED,1820,match-js-with-context,false,true,false,3,8,true,true,true,false,true,gotos,8A028E63F0A113B074081769EA731EEF4E7F6F0105A6100C48E8B5B6E6058D8E,8.13,length-mismatch,450,1722,false,false,0,21,false,false,false,false,false,compile-failed,820,160,length-mismatch,source-reconstruction-required,,true,bench-repo/build/matching/runs/674FF98C3D1DAAEBB49D58D2BA669BC32CE1F295F35D0EE1C247D8A803624CD9/workbench-report.json
func_0012E950,pure-c-tiny-control,PURE_C,24,multi-function-m2c,true,,false,0,0,false,,false,,false,,,,,,,,,,,,false,false,false,false,,,,not-selected-for-cluster-pilot,not-run,,,
strlen,pure-c-tiny-control,PURE_C,36,multi-function-m2c,true,,false,0,0,false,,false,,false,,,,,,,,,,,,false,false,false,false,,,,not-selected-for-cluster-pilot,not-run,,,
func_00284210,pure-c-tiny-control,PURE_C,28,multi-function-m2c,false,true,false,1,1,true,true,true,true,true,cutscene-parser-scanner,97BFB7E1AF070CAEB3E0811E09590074BBB4D3274434B762F9FF6841C1A4458F,97.86,immediate-or-signedness,2,4,true,true,1,1,true,false,false,false,false,,870,234,immediate-or-signedness,source-reconstruction-required,cutscene-parser-scanner,false,bench-repo/build/matching/runs/984DCF87079A521436619A0D45E458B07341BAAF9DBF984A360B98E2BD348947/workbench-report.json
func_000143dc,pure-c-tiny-control,PURE_C,32,multi-function-m2c,false,true,false,1,1,true,true,true,false,true,boot-parser-control,9FA65581F6700E9FCFECC6E22D7085C9B4B4DC2EB45D436A0D63F4D2736E73F5,23.91,length-mismatch,7,21,false,true,0,0,true,false,false,false,false,compile-failed,785,163,length-mismatch,source-reconstruction-required,boot-parser-control,false,bench-repo/build/matching/runs/6C09BFEDB0D5213C56D5BDBBDA3D32938B725CEA5D3CFF84BF31C2EB66A642D4/workbench-report.json
func_000415fc,pure-c-tiny-control,PURE_C,60,multi-function-m2c,true,,false,0,0,false,,false,,false,,,,,,,,,,,,false,false,false,false,,,,not-selected-for-cluster-pilot,not-run,,,
func_001FFA8C,pure-c-tiny-control,PURE_C,68,multi-function-m2c,true,,false,0,0,false,,false,,false,,,,,,,,,,,,false,false,false,false,,,,not-selected-for-cluster-pilot,not-run,,,
func_000ba8a8,pure-c-medium-control,PURE_C,112,multi-function-m2c,true,,false,0,0,false,,false,,false,,,,,,,,,,,,false,false,false,false,,,,not-selected-for-cluster-pilot,not-run,,,
func_002A0804,pure-c-medium-control,PURE_C,188,multi-function-m2c,true,,false,0,0,false,,false,,false,,,,,,,,,,,,false,false,false,false,,,,not-selected-for-cluster-pilot,not-run,,,
func_000135a0,pure-c-medium-control,PURE_C,196,multi-function-m2c,true,,false,0,0,false,,false,,false,,,,,,,,,,,,false,false,false,false,,,,not-selected-for-cluster-pilot,not-run,,,
func_000490ec,pure-c-medium-control,PURE_C,244,multi-function-m2c,true,,false,0,0,false,,false,,false,,,,,,,,,,,,false,false,false,false,,,,not-selected-for-cluster-pilot,not-run,,,
func_00195410,pure-c-medium-control,PURE_C,316,multi-function-m2c,true,,false,0,0,false,,false,,false,,,,,,,,,,,,false,false,false,false,,,,not-selected-for-cluster-pilot,not-run,,,
func_002ABFD4,pure-c-medium-control,PURE_C,328,multi-function-m2c,true,,false,0,0,false,,false,,false,,,,,,,,,,,,false,false,false,false,,,,not-selected-for-cluster-pilot,not-run,,,
func_0029D790,pure-c-medium-control,PURE_C,300,multi-function-m2c,true,,false,0,0,false,,false,,false,,,,,,,,,,,,false,false,false,false,,,,not-selected-for-cluster-pilot,not-run,,,
func_00283E14,pure-c-medium-control,PURE_C,404,multi-function-m2c,false,true,false,1,0,true,false,false,false,false,cutscene-parser-scanner,8AEFC02FFC366F7B5B16E887555E76324D594DA5E21E77841A32CB8928E105B7,,,,,,,22,,,false,false,false,false,compile-type-error,857,74,compile-type-error,compile-blocking-cleanup-required,cutscene-parser-scanner,false,bench-repo/build/matching/runs/A30754770F62F97D05AE0DBDFDF9DEDE9C8C26A44D43678441E630516F0979E6/workbench-report.json
func_00283FA8,pure-c-medium-control,PURE_C,424,multi-function-m2c,false,true,false,1,1,true,true,true,false,true,cutscene-parser-scanner,737F72F079CCAD5492246FEB7893862FD39CB236D7772BE135A6C9EAE55C0674,39.93,length-mismatch,84,270,false,false,41,15,false,false,false,false,false,compile-failed,825,120,length-mismatch,source-reconstruction-required,cutscene-parser-scanner,false,bench-repo/build/matching/runs/7B45DF686EFB968772AD8A2357A83F034D526569CD4E627C522352F2D4F16752/workbench-report.json
func_0028422C,pure-c-medium-control,PURE_C,92,multi-function-m2c,false,true,false,1,1,true,true,true,true,true,cutscene-parser-scanner,4658D392213DE2522F1E1B4C7F9ABA546F1C160EC5F7BD704FE9BA078DC75EDA,34.73,cfg-mismatch,21,67,false,false,17,1,false,false,false,false,false,,888,271,cfg-mismatch,source-reconstruction-required,cutscene-parser-scanner,false,bench-repo/build/matching/runs/5206D79AFA9672080FC1082651C7328D804E5F4312B3903683EAC90C08B57BD4/workbench-report.json
func_0019554C,pure-c-large-control,PURE_C,644,multi-function-m2c,true,,false,0,0,false,,false,,false,,,,,,,,,,,,false,false,false,false,,,,not-selected-for-cluster-pilot,not-run,,,
func_00047a94,pure-c-large-control,PURE_C,836,multi-function-m2c,true,,false,0,0,false,,false,,false,,,,,,,,,,,,false,false,false,false,,,,not-selected-for-cluster-pilot,not-run,,,
func_002827EC,pure-c-large-control,PURE_C,1900,multi-function-m2c,false,true,false,1,1,true,true,true,false,true,aux-switch-2827,EB619EF3C5831C58748BAC989505CA2CE4376A76A8B3C7DEA45D94201B7A4EC0,15.09,length-mismatch,473,1765,false,false,277,56,false,false,false,false,false,compile-failed,885,137,length-mismatch,source-reconstruction-required,aux-switch-2827,false,bench-repo/build/matching/runs/833880AB1A431222A4C57C09A21E33D89DCBAE696BACDDF995B60F85A9B28C47/workbench-report.json
func_002861C8,exact-hybrid-control,HYBRID_C,636,multi-function-m2c,false,true,false,1,0,true,false,false,false,false,cutscene-parser-scanner,6B6DBAB339CD0472C4B6569A1358DE5C94663FCB8B8FFCC71D02C0E3A315EEA1,,,,,,,12,,,false,false,false,false,compile-syntax-error,709,76,compile-syntax-error,compile-blocking-cleanup-required,cutscene-parser-scanner,false,bench-repo/build/matching/runs/161035F24899D0315EB3425339D34ED94B740F5278A24C006F8FE6B5E6837214/workbench-report.json
func_002a3198,exact-hybrid-control,HYBRID_C,376,multi-function-m2c,true,,false,0,0,false,,false,,false,,,,,,,,,,,,false,false,false,false,,,,not-selected-for-cluster-pilot,not-run,,,
func_002A0B14,exact-hybrid-control,HYBRID_C,792,multi-function-m2c,true,,false,0,0,false,,false,,false,,,,,,,,,,,,false,false,false,false,,,,not-selected-for-cluster-pilot,not-run,,,
func_001957D0,exact-hybrid-control,HYBRID_C,1484,multi-function-m2c,true,,false,0,0,false,,false,,false,,,,,,,,,,,,false,false,false,false,,,,not-selected-for-cluster-pilot,not-run,,,
func_000bc984,exact-hybrid-control,HYBRID_C,524,multi-function-m2c,true,,false,0,0,false,,false,,false,,,,,,,,,,,,false,false,false,false,,,,not-selected-for-cluster-pilot,not-run,,,
func_001390F0,exact-hybrid-control,HYBRID_C,2848,multi-function-m2c,true,,false,0,0,false,,false,,false,,,,,,,,,,,,false,false,false,false,,,,not-selected-for-cluster-pilot,not-run,,,
func_00284288,unresolved-assembly-stress,ASM_UNRESOLVED,8000,multi-function-m2c,false,true,false,1,0,true,false,false,false,false,cutscene-parser-scanner,F057D35A7C2A605D369B59E660CA4F24261BC75FBA1BF29676011F39BEB442CC,,,,,,,,,,false,false,false,false,compile-type-error,1484,145,compile-type-error,compile-blocking-cleanup-required,cutscene-parser-scanner,true,bench-repo/build/matching/runs/21BFD12A5959F44F8C9ACDD07F08FCA49EAA8255EE174261AC5E805C110BB2F7/workbench-report.json
func_0001299c,unresolved-assembly-stress,ASM_UNRESOLVED,1356,multi-function-m2c,true,,false,0,0,false,,false,,false,,,,,,,,,,,,false,false,false,false,,,,not-selected-for-cluster-pilot,not-run,,,
func_000140cc,unresolved-assembly-stress,ASM_UNRESOLVED,620,multi-function-m2c,true,,false,0,0,false,,false,,false,,,,,,,,,,,,false,false,false,false,,,,not-selected-for-cluster-pilot,not-run,,,
func_000114f0,unresolved-assembly-stress,ASM_UNRESOLVED,332,multi-function-m2c,true,,false,0,0,false,,false,,false,,,,,,,,,,,,false,false,false,false,,,,not-selected-for-cluster-pilot,not-run,,,
func_00014408,unresolved-assembly-stress,ASM_UNRESOLVED,296,multi-function-m2c,false,true,false,1,1,true,true,true,false,true,boot-parser-control,48201ACAD87A816AF0F9163600CD9A1ADCBFEFF6ECD6E117965A1FC78733CB9F,18.9,length-mismatch,72,243,false,true,0,0,true,false,false,false,false,compile-failed,716,131,length-mismatch,source-reconstruction-required,boot-parser-control,false,bench-repo/build/matching/runs/961416FB30D14EF5CFE7DE04AA0CE5C4F5E1ACBA9415C0FA6213B4217B73EF9C/workbench-report.json
func_002A2674,unresolved-assembly-stress,ASM_UNRESOLVED,100,multi-function-m2c,true,,false,0,0,false,,false,,false,,,,,,,,,,,,false,false,false,false,,,,not-selected-for-cluster-pilot,not-run,,,
func_00014830,unresolved-assembly-stress,ASM_UNRESOLVED,108,multi-function-m2c,true,,false,0,0,false,,false,,false,,,,,,,,,,,,false,false,false,false,,,,not-selected-for-cluster-pilot,not-run,,,
func_0001489c,unresolved-assembly-stress,ASM_UNRESOLVED,156,multi-function-m2c,true,,false,0,0,false,,false,,false,,,,,,,,,,,,false,false,false,false,,,,not-selected-for-cluster-pilot,not-run,,,
func_002A9AD0,unresolved-assembly-stress,ASM_UNRESOLVED,1820,multi-function-m2c,true,,false,0,0,false,,false,,false,,,,,,,,,,,,false,false,false,false,,,,not-selected-for-cluster-pilot,not-run,,,
func_0012E950,pure-c-tiny-control,PURE_C,24,asmlift,false,true,false,1,1,true,true,true,false,true,primitive-type-prelude,CC13446C3C3AE8CB796B58FF6D5D28ED62DA6BC00A7F419005C365CC7FDE5F87,31.88,length-mismatch,6,17,false,true,0,0,true,false,false,false,false,compile-failed,117,187,length-mismatch,source-reconstruction-required,,,bench-repo/build/matching/runs/774CD36BAEE90502E5EF1E6486ABF093BC25BD6326B21E1B512BC50EE391023B/workbench-report.json
strlen,pure-c-tiny-control,PURE_C,36,asmlift,false,false,true,0,0,false,,false,,false,,,,,,,,,0,,,false,false,false,false,,103,,branch-likely-unsupported,provider-parser-or-ir-support-required,,,
func_00284210,pure-c-tiny-control,PURE_C,28,asmlift,false,false,true,0,0,false,,false,,false,,,,,,,,,1,,,false,false,false,false,,103,,mips-call-unsupported,provider-parser-or-ir-support-required,,,
func_000143dc,pure-c-tiny-control,PURE_C,32,asmlift,false,false,true,0,0,false,,false,,false,,,,,,,,,0,,,false,false,false,false,,103,,cop1-memory-unsupported,provider-parser-or-ir-support-required,,,
func_000415fc,pure-c-tiny-control,PURE_C,60,asmlift,false,false,true,0,0,false,,false,,false,,,,,,,,,3,,,false,false,false,false,,104,,branch-likely-unsupported,provider-parser-or-ir-support-required,,,
func_001FFA8C,pure-c-tiny-control,PURE_C,68,asmlift,false,false,true,0,0,false,,false,,false,,,,,,,,,9,,,false,false,false,false,,104,,mips-call-unsupported,provider-parser-or-ir-support-required,,,
func_000ba8a8,pure-c-medium-control,PURE_C,112,asmlift,false,false,true,0,0,false,,false,,false,,,,,,,,,1,,,false,false,false,false,,118,,branch-likely-unsupported,provider-parser-or-ir-support-required,,,
func_002A0804,pure-c-medium-control,PURE_C,188,asmlift,false,false,true,0,0,false,,false,,false,,,,,,,,,8,,,false,false,false,false,,109,,mips-call-unsupported,provider-parser-or-ir-support-required,,,
func_000135a0,pure-c-medium-control,PURE_C,196,asmlift,false,false,true,0,0,false,,false,,false,,,,,,,,,2,,,false,false,false,false,,111,,branch-likely-unsupported,provider-parser-or-ir-support-required,,,
func_000490ec,pure-c-medium-control,PURE_C,244,asmlift,false,false,true,0,0,false,,false,,false,,,,,,,,,7,,,false,false,false,false,,108,,mips-call-unsupported,provider-parser-or-ir-support-required,,,
func_00195410,pure-c-medium-control,PURE_C,316,asmlift,false,false,true,0,0,false,,false,,false,,,,,,,,,0,,,false,false,false,false,,163,,mips-call-unsupported,provider-parser-or-ir-support-required,,,
func_002ABFD4,pure-c-medium-control,PURE_C,328,asmlift,false,false,true,0,0,false,,false,,false,,,,,,,,,40,,,false,false,false,false,,104,,mips-call-unsupported,provider-parser-or-ir-support-required,,,
func_0029D790,pure-c-medium-control,PURE_C,300,asmlift,false,false,true,0,0,false,,false,,false,,,,,,,,,12,,,false,false,false,false,,108,,mips-call-unsupported,provider-parser-or-ir-support-required,,,
func_00283E14,pure-c-medium-control,PURE_C,404,asmlift,false,false,true,0,0,false,,false,,false,,,,,,,,,22,,,false,false,false,false,,111,,mips-call-unsupported,provider-parser-or-ir-support-required,,,
func_00283FA8,pure-c-medium-control,PURE_C,424,asmlift,false,false,true,0,0,false,,false,,false,,,,,,,,,41,,,false,false,false,false,,112,,mips-call-unsupported,provider-parser-or-ir-support-required,,,
func_0028422C,pure-c-medium-control,PURE_C,92,asmlift,false,false,true,0,0,false,,false,,false,,,,,,,,,17,,,false,false,false,false,,110,,mips-call-unsupported,provider-parser-or-ir-support-required,,,
func_0019554C,pure-c-large-control,PURE_C,644,asmlift,false,false,true,0,0,false,,false,,false,,,,,,,,,0,,,false,false,false,false,,109,,branch-likely-unsupported,provider-parser-or-ir-support-required,,,
func_00047a94,pure-c-large-control,PURE_C,836,asmlift,false,false,true,0,0,false,,false,,false,,,,,,,,,44,,,false,false,false,false,,115,,mips-call-unsupported,provider-parser-or-ir-support-required,,,
func_002827EC,pure-c-large-control,PURE_C,1900,asmlift,false,false,true,0,0,false,,false,,false,,,,,,,,,277,,,false,false,false,false,,110,,mips-call-unsupported,provider-parser-or-ir-support-required,,,
func_002861C8,exact-hybrid-control,HYBRID_C,636,asmlift,false,false,true,0,0,false,,false,,false,,,,,,,,,12,,,false,false,false,false,,107,,unrecovered-indirect-jump,provider-parser-or-ir-support-required,,,
func_002a3198,exact-hybrid-control,HYBRID_C,376,asmlift,false,false,true,0,0,false,,false,,false,,,,,,,,,7,,,false,false,false,false,,99,,mips-call-unsupported,provider-parser-or-ir-support-required,,,
func_002A0B14,exact-hybrid-control,HYBRID_C,792,asmlift,false,false,true,0,0,false,,false,,false,,,,,,,,,13,,,false,false,false,false,,104,,coprocessor-branch-unsupported,provider-parser-or-ir-support-required,,,
func_001957D0,exact-hybrid-control,HYBRID_C,1484,asmlift,false,false,true,0,0,false,,false,,false,,,,,,,,,0,,,false,false,false,false,,111,,mips-call-unsupported,provider-parser-or-ir-support-required,,,
func_000bc984,exact-hybrid-control,HYBRID_C,524,asmlift,false,false,true,0,0,false,,false,,false,,,,,,,,,9,,,false,false,false,false,,159,,branch-likely-unsupported,provider-parser-or-ir-support-required,,,
func_001390F0,exact-hybrid-control,HYBRID_C,2848,asmlift,false,false,true,0,0,false,,false,,false,,,,,,,,,170,,,false,false,false,false,,100,,mips-call-unsupported,provider-parser-or-ir-support-required,,,
func_00284288,unresolved-assembly-stress,ASM_UNRESOLVED,8000,asmlift,false,false,true,0,0,false,,false,,false,,,,,,,,,,,,false,false,false,false,,113,,branch-likely-unsupported,provider-parser-or-ir-support-required,,,
func_0001299c,unresolved-assembly-stress,ASM_UNRESOLVED,1356,asmlift,false,false,true,0,0,false,,false,,false,,,,,,,,,,,,false,false,false,false,,108,,branch-likely-unsupported,provider-parser-or-ir-support-required,,,
func_000140cc,unresolved-assembly-stress,ASM_UNRESOLVED,620,asmlift,false,false,true,0,0,false,,false,,false,,,,,,,,,,,,false,false,false,false,,110,,mips-call-unsupported,provider-parser-or-ir-support-required,,,
func_000114f0,unresolved-assembly-stress,ASM_UNRESOLVED,332,asmlift,false,false,true,0,0,false,,false,,false,,,,,,,,,,,,false,false,false,false,,101,,cop1-memory-unsupported,provider-parser-or-ir-support-required,,,
func_00014408,unresolved-assembly-stress,ASM_UNRESOLVED,296,asmlift,false,false,true,0,0,false,,false,,false,,,,,,,,,,,,false,false,false,false,,105,,cop1-memory-unsupported,provider-parser-or-ir-support-required,,,
func_002A2674,unresolved-assembly-stress,ASM_UNRESOLVED,100,asmlift,false,false,true,0,0,false,,false,,false,,,,,,,,,,,,false,false,false,false,,105,,branch-likely-unsupported,provider-parser-or-ir-support-required,,,
func_00014830,unresolved-assembly-stress,ASM_UNRESOLVED,108,asmlift,false,false,true,0,0,false,,false,,false,,,,,,,,,,,,false,false,false,false,,105,,cop1-memory-unsupported,provider-parser-or-ir-support-required,,,
func_0001489c,unresolved-assembly-stress,ASM_UNRESOLVED,156,asmlift,false,false,true,0,0,false,,false,,false,,,,,,,,,,,,false,false,false,false,,103,,cop1-memory-unsupported,provider-parser-or-ir-support-required,,,
func_002A9AD0,unresolved-assembly-stress,ASM_UNRESOLVED,1820,asmlift,false,false,true,0,0,false,,false,,false,,,,,,,,,,,,false,false,false,false,,100,,mips-call-unsupported,provider-parser-or-ir-support-required,,,
